Malaysia's Export Destinations ,,,,
,,,,
Year,Month,Country,Country Code,Total Export (USD)
2016,1,AFGHANISTAN,AF,"6,533,359"
2016,1,ALBANIA,AL,"95,077"
2016,1,ALGERIA,DZ,"11,758,400"
2016,1,AMERICAN SAMOA,AS,"39,681"
2016,1,ANDORRA,AD,"72,293"
2016,1,ANGOLA,AO,"8,731,875"
2016,1,ANGUILLA,AI,"4,578"
2016,1,ANTIGUA & BARBUDA,AG,"399,412"
2016,1,ARGENTINA,AR,"12,524,335"
2016,1,ARMENIA,AM,"195,464"
2016,1,ARUBA,AW,"26,220"
2016,1,AUSTRALIA,AU,"500,157,200"
2016,1,AUSTRIA,AT,"9,958,516"
2016,1,AZERBAIJAN,AZ,"1,812,406"
2016,1,BAHAMAS,BS,"254,562"
2016,1,BAHRAIN,BH,"4,144,108"
2016,1,BANGLADESH,BD,"79,600,614"
2016,1,BARBADOS,BB,"107,154"
2016,1,BELARUS,BY,"1,660"
2016,1,BELGIUM,BE,"76,072,539"
2016,1,BELIZE,BZ,"146,955"
2016,1,BENIN,BJ,"13,730,284"
2016,1,BERMUDA,BM,"1,756"
2016,1,BHUTAN,BT,"263,306"
2016,1,BOLIVIA,BO,"57,556"
2016,1,BOSNIA - HERZEGOVINA,BA,"2,793"
2016,1,BOTSWANA,BW,"536,091"
2016,1,BRAZIL,BR,"60,837,338"
2016,1,BRITISH VIRGIN ISLANDS,VG,"25,355"
2016,1,BRUNEI DARUSSALAM,BN,"42,249,151"
2016,1,BULGARIA,BG,"5,559,749"
2016,1,BURKINA FASO,BF,359
2016,1,CAMBODIA,KH,"43,943,322"
2016,1,CAMEROON,CM,"795,461"
2016,1,CANADA,CA,"54,307,996"
2016,1,CAYMAN ISLANDS,KY,"217,052"
2016,1,CENTRAL AFRICAN REPUBLIC,CF,"603,336"
2016,1,CHILE,CL,"22,092,794"
2016,1,CHRISTMAS ISLAND (IND.OCEAN),CX,"7,274"
2016,1,COLOMBIA,CO,"3,604,871"
2016,1,COMOROS,KM,"232,044"
2016,1,CONGO,CG,"1,043,978"
2016,1,"CONGO, THE DEMOCRATIC REPUBLIC (ZAIRE)",CD,"944,780"
2016,1,COSTA RICA,CR,"3,945,432"
2016,1,COTE D'IVOIRE,CI,"2,596,585"
2016,1,CROATIA,HR,"921,755"
2016,1,CUBA,CU,"677,297"
2016,1,CURACAO,CW,"11,864"
2016,1,CYPRUS,CY,"652,675"
2016,1,CZECH REPUBLIC,CZ,"24,920,668"
2016,1,DEM. PEOPLE'S REP. OF KOREA,KP,"35,402"
2016,1,DENMARK,DK,"10,944,830"
2016,1,DJIBOUTI,DJ,"5,918,512"
2016,1,DOMINICA,DM,"43,056"
2016,1,DOMINICAN REPUBLIC,DO,"2,567,043"
2016,1,ECUADOR,EC,"909,753"
2016,1,EGYPT,EG,"35,548,905"
2016,1,EL SALVADOR,SV,"1,027,776"
2016,1,EQUATORIAL GUINEA,GQ,"1,228,790"
2016,1,ERITREA,ER,"49,943"
2016,1,ESTONIA,EE,"3,142,701"
2016,1,ETHIOPIA,ET,"4,183,255"
2016,1,FED. STATES OF MICRONESIA,FM,"2,278"
2016,1,FEDERAL REPUBLIC OF GERMANY,DE,"394,615,831"
2016,1,FIJI,FJ,"4,382,947"
2016,1,FINLAND,FI,"9,171,434"
2016,1,FRANCE,FR,"115,086,325"
2016,1,FRENCH POLYNESIA,PF,"292,058"
2016,1,GABON,GA,"2,792,677"
2016,1,GAMBIA,GM,"2,112,476"
2016,1,GEORGIA,GE,"673,430"
2016,1,GHANA,GH,"4,915,695"
2016,1,GIBRALTAR,GI,"1,751"
2016,1,GREECE,GR,"24,266,679"
2016,1,GRENADA,GD,"322,733"
2016,1,GUADELOUPE,GP,"146,588"
2016,1,GUAM,GU,"170,789"
2016,1,GUATEMALA,GT,"3,098,141"
2016,1,GUINEA,GN,"3,080,986"
2016,1,GUINEA-BISSAU,GW,"106,811"
2016,1,GUYANA,GY,"659,319"
2016,1,HAITI,HT,"347,868"
2016,1,HONDURAS,HN,"1,423,055"
2016,1,HONG KONG,HK,"665,353,397"
2016,1,HUNGARY,HU,"17,677,135"
2016,1,ICELAND,IS,"57,576"
2016,1,INDIA,IN,"589,414,481"
2016,1,IRAQ,IQ,"6,090,663"
2016,1,IRELAND,IE,"12,416,478"
2016,1,ISLAMIC REP. OF IRAN,IR,"39,871,698"
2016,1,ITALY,IT,"84,152,518"
2016,1,JAMAICA,JM,"1,277,040"
2016,1,JAPAN,JP,"1,268,015,456"
2016,1,JORDAN,JO,"12,097,248"
2016,1,KAZAKHSTAN,KZ,"2,126,991"
2016,1,KENYA,KE,"14,378,842"
2016,1,KIRIBATI,KI,"34,810"
2016,1,KUWAIT,KW,"15,088,850"
2016,1,KYRGYZSTAN,KG,"53,408"
2016,1,LATVIA,LV,"6,357,191"
2016,1,LEBANON,LB,"4,842,918"
2016,1,LESOTHO,LS,0
2016,1,LIBERIA,LR,"4,404,349"
2016,1,LIBYAN ARAB JAMAHIRIYA,LY,"1,465,354"
2016,1,LIECHTENSTEIN,LI,"17,262"
2016,1,LITHUANIA,LT,"3,827,089"
2016,1,LUXEMBOURG,LU,"765,887"
2016,1,MACAU,MO,"3,205,506"
2016,1,MACEDONIA,MK,"9,675"
2016,1,MADAGASCAR,MG,"4,561,779"
2016,1,MALAWI,MW,"177,527"
2016,1,"MALAYSIA, PENINSULAR",MY,0
2016,1,MALDIVES,MV,"7,684,517"
2016,1,MALI,ML,"223,570"
2016,1,MALTA,MT,"2,131,585"
2016,1,MARSHALL ISLANDS,MH,"28,592"
2016,1,MARTINIQUE,MQ,"127,940"
2016,1,MAURITANIA,MR,"5,716,525"
2016,1,MAURITIUS,MU,"5,946,105"
2016,1,MAYOTTE,YT,"6,049,673"
2016,1,MEXICO,MX,"144,042,129"
2016,1,MONACO,MC,408
2016,1,MONTENEGRO,ME,"37,624"
2016,1,MOROCCO,MA,"3,439,764"
2016,1,MOZAMBIQUE,MZ,"4,276,260"
2016,1,NAMIBIA,NA,"92,303"
2016,1,NAURU,NR,"57,858"
2016,1,NEPAL,NP,"2,925,452"
2016,1,NETHERLANDS,NL,"415,476,121"
2016,1,NEW CALEDONIA,NC,"5,607,688"
2016,1,NEW ZEALAND,NZ,"48,579,560"
2016,1,NICARAGUA,NI,"1,317,501"
2016,1,NIGER,NE,"709,037"
2016,1,NIGERIA,NG,"77,100,432"
2016,1,NORTHERN MARIANA ISLANDS,MP,"98,130"
2016,1,NORWAY,NO,"9,620,659"
2016,1,OMAN,OM,"15,199,557"
2016,1,"OTHER COUNTRIES, NES.",ZZ,"664,183"
2016,1,PAKISTAN,PK,"89,786,587"
2016,1,PALAU,PW,"7,512"
2016,1,PALESTINE,PS,"233,652"
2016,1,PANAMA,PA,"4,542,558"
2016,1,PAPUA NEW GUINEA,PG,"25,901,376"
2016,1,PARAGUAY,PY,"4,926,219"
2016,1,PEOPLE'S DEM. REP. LAO,LA,"2,310,336"
2016,1,PEOPLE'S REP. OF MONGOLIA,MN,"595,256"
2016,1,PEOPLE'S REPUBLIC OF CHINA,CN,"1,499,089,238"
2016,1,PERU,PE,"5,382,895"
2016,1,PHILIPPINES,PH,"262,704,323"
2016,1,POLAND,PL,"27,119,223"
2016,1,PORTUGAL,PT,"5,555,171"
2016,1,PUERTO RICO,PR,"571,834"
2016,1,QATAR,QA,"12,347,809"
2016,1,REPUBLIC OF INDONESIA,ID,"527,222,782"
2016,1,REPUBLIC OF KOREA,KR,"464,335,736"
2016,1,REPUBLIC OF MOLDOVA,MD,"55,174"
2016,1,REPUBLIC OF SINGAPORE,SG,"2,070,221,203"
2016,1,REPUBLIC OF SOUTH AFRICA,ZA,"43,058,838"
2016,1,REPUBLIC OF SRI LANKA,LK,"44,404,529"
2016,1,REPUBLIC OF YEMEN,YE,"10,164,254"
2016,1,REUNION ISLANDS,RE,"773,902"
2016,1,ROMANIA,RO,"8,354,880"
2016,1,RUSSIAN FEDERATION,RU,"34,679,679"
2016,1,RWANDA,RW,"35,401"
2016,1,SAINT LUCIA,LC,"37,180"
2016,1,SAINT VINCENT/GRENADINES,VC,"106,481"
2016,1,SAN MARINO,SM,0
2016,1,SAO TOME AND PRINCIPE,ST,"37,230"
2016,1,SAUDI ARABIA,SA,"51,714,307"
2016,1,SENEGAL,SN,"3,543,937"
2016,1,SERBIA,RS,"528,877"
2016,1,SEYCHELLES,SC,"9,479,581"
2016,1,SIERRA LEONE,SL,"880,772"
2016,1,SLOVAKIA,SK,"4,974,652"
2016,1,SLOVENIA,SI,"7,890,480"
2016,1,SOCIALIST REP. OF VIET NAM,VN,"295,716,907"
2016,1,SOLOMON ISLANDS,SB,"2,779,894"
2016,1,SOMALIA,SO,"7,266,432"
2016,1,SPAIN,ES,"46,725,288"
2016,1,SUDAN,SD,"2,584,455"
2016,1,SURINAME,SR,"386,373"
2016,1,SW,SW,0
2016,1,SWAZILAND,SZ,"34,346"
2016,1,SWEDEN,SE,"24,454,411"
2016,1,SWITZERLAND,CH,"36,843,107"
2016,1,SYRIAN ARAB REPUBLIC,SY,"2,439,917"
2016,1,TAIWAN,TW,"338,629,569"
2016,1,TAJIKISTAN,TJ,"30,783"
2016,1,THAILAND,TH,"930,516,142"
2016,1,TIMOR LESTE,TL,"6,519,895"
2016,1,TOGO,TG,"2,218,991"
2016,1,TONGA,TO,"127,436"
2016,1,TRINIDAD AND TOBAGO,TT,"3,124,720"
2016,1,TUNISIA,TN,"4,017,628"
2016,1,TURKEY,TR,"133,728,042"
2016,1,TURKMENISTAN,TM,"945,840"
2016,1,TUVALU,TV,"12,583"
2016,1,U.S. MINOR OUTLYING ISLANDS,UM,"77,540"
2016,1,UGANDA,UG,"1,790,227"
2016,1,UKRAINE,UA,"14,577,636"
2016,1,UNION OF MYANMAR,MM,"52,459,133"
2016,1,UNITED ARAB EMIRATES,AE,"291,224,305"
2016,1,UNITED KINGDOM,GB,"166,828,578"
2016,1,UNITED REP. OF TANZANIA,TZ,"21,339,638"
2016,1,UNITED STATES OF AMERICA,US,"1,456,820,553"
2016,1,URUGUAY,UY,"1,797,813"
2016,1,UZBEKISTAN,UZ,"8,218,267"
2016,1,VANUATU,VU,"110,116"
2016,1,VENEZUELA,VE,"460,206"
2016,1,WESTERN SAMOA,WS,"434,516"
2016,1,ZAMBIA,ZM,"190,309"
2016,1,ZIMBABWE,ZW,"202,226"
2016,2,AFGHANISTAN,AF,"5,230,578"
2016,2,ALBANIA,AL,"146,522"
2016,2,ALGERIA,DZ,"15,090,751"
2016,2,AMERICAN SAMOA,AS,"292,110"
2016,2,ANDORRA,AD,"27,453"
2016,2,ANGOLA,AO,"5,392,352"
2016,2,ANTIGUA & BARBUDA,AG,"81,446"
2016,2,ARGENTINA,AR,"13,175,540"
2016,2,ARMENIA,AM,"400,547"
2016,2,ARUBA,AW,"127,413"
2016,2,AUSTRALIA,AU,"487,647,802"
2016,2,AUSTRIA,AT,"10,402,927"
2016,2,AZERBAIJAN,AZ,"153,927"
2016,2,BAHAMAS,BS,"430,908"
2016,2,BAHRAIN,BH,"5,677,795"
2016,2,BANGLADESH,BD,"65,388,194"
2016,2,BARBADOS,BB,"117,599"
2016,2,BELARUS,BY,"130,018"
2016,2,BELGIUM,BE,"65,386,303"
2016,2,BELIZE,BZ,"215,946"
2016,2,BENIN,BJ,"18,504,360"
2016,2,BERMUDA,BM,"3,675"
2016,2,BHUTAN,BT,"149,115"
2016,2,BOLIVIA,BO,"727,575"
2016,2,BOSNIA - HERZEGOVINA,BA,"40,553"
2016,2,BOTSWANA,BW,"191,573"
2016,2,BRAZIL,BR,"53,264,710"
2016,2,BRITISH INDIAN OCEAN TERR.,IO,773
2016,2,BRITISH VIRGIN ISLANDS,VG,"12,947"
2016,2,BRUNEI DARUSSALAM,BN,"33,054,281"
2016,2,BULGARIA,BG,"4,464,227"
2016,2,BURKINA FASO,BF,"73,060"
2016,2,CAMBODIA,KH,"15,001,587"
2016,2,CAMEROON,CM,"1,902,952"
2016,2,CANADA,CA,"48,252,058"
2016,2,CAPE VERDE,CV,"28,145"
2016,2,CAYMAN ISLANDS,KY,"24,508"
2016,2,CENTRAL AFRICAN REPUBLIC,CF,"210,643"
2016,2,CHAD,TD,"224,527"
2016,2,CHILE,CL,"10,272,138"
2016,2,CHRISTMAS ISLAND (IND.OCEAN),CX,0
2016,2,COLOMBIA,CO,"4,696,596"
2016,2,COMOROS,KM,"245,977"
2016,2,CONGO,CG,"2,032,821"
2016,2,"CONGO, THE DEMOCRATIC REPUBLIC (ZAIRE)",CD,"775,229"
2016,2,COSTA RICA,CR,"3,082,823"
2016,2,COTE D'IVOIRE,CI,"2,548,978"
2016,2,CROATIA,HR,"1,431,445"
2016,2,CUBA,CU,"577,360"
2016,2,CURACAO,CW,"27,016"
2016,2,CYPRUS,CY,"345,935"
2016,2,CZECH REPUBLIC,CZ,"23,180,996"
2016,2,DEM. PEOPLE'S REP. OF KOREA,KP,"114,491"
2016,2,DENMARK,DK,"8,768,695"
2016,2,DJIBOUTI,DJ,"8,594,274"
2016,2,DOMINICA,DM,"4,045"
2016,2,DOMINICAN REPUBLIC,DO,"2,530,656"
2016,2,ECUADOR,EC,"854,772"
2016,2,EGYPT,EG,"45,322,392"
2016,2,EL SALVADOR,SV,"1,638,705"
2016,2,EQUATORIAL GUINEA,GQ,"226,632"
2016,2,ESTONIA,EE,"2,640,411"
2016,2,ETHIOPIA,ET,"11,117,185"
2016,2,FED. STATES OF MICRONESIA,FM,"31,845"
2016,2,FEDERAL REPUBLIC OF GERMANY,DE,"426,811,157"
2016,2,FIJI,FJ,"4,953,951"
2016,2,FINLAND,FI,"9,119,033"
2016,2,FRANCE,FR,"108,572,049"
2016,2,FRENCH POLYNESIA,PF,"268,368"
2016,2,GABON,GA,"1,957,756"
2016,2,GAMBIA,GM,"2,046,445"
2016,2,GEORGIA,GE,"950,961"
2016,2,GHANA,GH,"6,202,239"
2016,2,GIBRALTAR,GI,"3,039"
2016,2,GREECE,GR,"30,595,052"
2016,2,GREENLAND,GL,0
2016,2,GRENADA,GD,"199,232"
2016,2,GUADELOUPE,GP,"365,872"
2016,2,GUAM,GU,"310,501"
2016,2,GUATEMALA,GT,"3,070,532"
2016,2,GUINEA,GN,"817,369"
2016,2,GUINEA-BISSAU,GW,"256,176"
2016,2,GUYANA,GY,"181,875"
2016,2,HAITI,HT,"237,239"
2016,2,HEARD AND MCDONALD ISLANDS,HM,0
2016,2,HONDURAS,HN,"907,315"
2016,2,HONG KONG,HK,"638,129,595"
2016,2,HUNGARY,HU,"17,936,300"
2016,2,ICELAND,IS,"65,983"
2016,2,INDIA,IN,"501,027,089"
2016,2,IRAQ,IQ,"5,567,043"
2016,2,IRELAND,IE,"11,155,480"
2016,2,ISLAMIC REP. OF IRAN,IR,"49,096,278"
2016,2,ITALY,IT,"66,051,402"
2016,2,JAMAICA,JM,"1,340,083"
2016,2,JAPAN,JP,"1,335,674,406"
2016,2,JORDAN,JO,"11,238,787"
2016,2,KAZAKHSTAN,KZ,"2,795,577"
2016,2,KENYA,KE,"17,586,116"
2016,2,KIRIBATI,KI,"27,195"
2016,2,KUWAIT,KW,"18,962,605"
2016,2,KYRGYZSTAN,KG,"137,629"
2016,2,LATVIA,LV,"4,318,159"
2016,2,LEBANON,LB,"4,627,776"
2016,2,LESOTHO,LS,"5,745"
2016,2,LIBERIA,LR,"1,708,400"
2016,2,LIBYAN ARAB JAMAHIRIYA,LY,"1,493,795"
2016,2,LIECHTENSTEIN,LI,"19,557"
2016,2,LITHUANIA,LT,"2,736,955"
2016,2,LUXEMBOURG,LU,"533,214"
2016,2,MACAU,MO,"1,723,814"
2016,2,MACEDONIA,MK,"53,805"
2016,2,MADAGASCAR,MG,"6,969,132"
2016,2,MALAWI,MW,"3,200,637"
2016,2,"MALAYSIA, PENINSULAR",MY,0
2016,2,MALDIVES,MV,"8,489,097"
2016,2,MALI,ML,"35,957"
2016,2,MALTA,MT,"1,941,349"
2016,2,MARSHALL ISLANDS,MH,"45,995"
2016,2,MARTINIQUE,MQ,"51,935"
2016,2,MAURITANIA,MR,"1,894,529"
2016,2,MAURITIUS,MU,"4,547,206"
2016,2,MAYOTTE,YT,"121,285"
2016,2,MEXICO,MX,"126,970,701"
2016,2,MONTENEGRO,ME,"68,263"
2016,2,MOROCCO,MA,"6,098,926"
2016,2,MOZAMBIQUE,MZ,"5,009,793"
2016,2,NAMIBIA,NA,"1,053,876"
2016,2,NAURU,NR,"1,806"
2016,2,NEPAL,NP,"4,194,402"
2016,2,NETHERLANDS,NL,"398,951,919"
2016,2,NEW CALEDONIA,NC,"849,010"
2016,2,NEW ZEALAND,NZ,"52,753,961"
2016,2,NICARAGUA,NI,"1,229,833"
2016,2,NIGER,NE,"266,585"
2016,2,NIGERIA,NG,"38,312,008"
2016,2,NORFOLK ISLAND,NF,"21,544"
2016,2,NORTHERN MARIANA ISLANDS,MP,"143,363"
2016,2,NORWAY,NO,"6,954,833"
2016,2,OMAN,OM,"14,467,244"
2016,2,"OTHER COUNTRIES, NES.",ZZ,"1,495,332"
2016,2,PAKISTAN,PK,"50,692,288"
2016,2,PALAU,PW,"10,685"
2016,2,PALESTINE,PS,"226,050"
2016,2,PANAMA,PA,"7,655,495"
2016,2,PAPUA NEW GUINEA,PG,"21,261,410"
2016,2,PARAGUAY,PY,"467,070"
2016,2,PEOPLE'S DEM. REP. LAO,LA,"1,178,287"
2016,2,PEOPLE'S REP. OF MONGOLIA,MN,"807,689"
2016,2,PEOPLE'S REPUBLIC OF CHINA,CN,"1,549,478,126"
2016,2,PERU,PE,"6,597,977"
2016,2,PHILIPPINES,PH,"261,576,787"
2016,2,POLAND,PL,"21,351,048"
2016,2,PORTUGAL,PT,"4,659,914"
2016,2,PUERTO RICO,PR,"719,637"
2016,2,QATAR,QA,"9,381,437"
2016,2,REPUBLIC OF INDONESIA,ID,"485,769,634"
2016,2,REPUBLIC OF KOREA,KR,"530,868,537"
2016,2,REPUBLIC OF MOLDOVA,MD,"64,233"
2016,2,REPUBLIC OF SINGAPORE,SG,"1,897,714,235"
2016,2,REPUBLIC OF SOUTH AFRICA,ZA,"46,407,447"
2016,2,REPUBLIC OF SRI LANKA,LK,"34,759,250"
2016,2,REPUBLIC OF YEMEN,YE,"11,177,983"
2016,2,REUNION ISLANDS,RE,"824,078"
2016,2,ROMANIA,RO,"6,799,932"
2016,2,RUSSIAN FEDERATION,RU,"44,426,275"
2016,2,RWANDA,RW,"109,319"
2016,2,SAINT KITTS & NEVIS,KN,"2,442"
2016,2,SAINT LUCIA,LC,"15,608"
2016,2,SAINT VINCENT/GRENADINES,VC,"101,257"
2016,2,SAUDI ARABIA,SA,"67,807,142"
2016,2,SENEGAL,SN,"4,045,317"
2016,2,SERBIA,RS,"295,020"
2016,2,SEYCHELLES,SC,"625,937"
2016,2,SIERRA LEONE,SL,"719,030"
2016,2,SLOVAKIA,SK,"4,058,583"
2016,2,SLOVENIA,SI,"8,607,259"
2016,2,SOCIALIST REP. OF VIET NAM,VN,"303,033,035"
2016,2,SOLOMON ISLANDS,SB,"1,261,992"
2016,2,SOMALIA,SO,"4,207,249"
2016,2,SOUTH SUDAN,SS,"4,210"
2016,2,SPAIN,ES,"26,062,285"
2016,2,SUDAN,SD,"2,886,316"
2016,2,SURINAME,SR,"94,280"
2016,2,SW,SW,0
2016,2,SWAZILAND,SZ,"42,826"
2016,2,SWEDEN,SE,"27,716,258"
2016,2,SWITZERLAND,CH,"30,578,987"
2016,2,SYRIAN ARAB REPUBLIC,SY,"3,844,588"
2016,2,TAIWAN,TW,"314,826,289"
2016,2,TAJIKISTAN,TJ,"72,704"
2016,2,THAILAND,TH,"783,772,073"
2016,2,TIMOR LESTE,TL,"979,822"
2016,2,TOGO,TG,"3,173,991"
2016,2,TONGA,TO,"268,063"
2016,2,TRINIDAD AND TOBAGO,TT,"1,599,544"
2016,2,TUNISIA,TN,"5,166,837"
2016,2,TURKEY,TR,"109,026,662"
2016,2,TURKMENISTAN,TM,"770,441"
2016,2,TUVALU,TV,"50,576"
2016,2,U.S. MINOR OUTLYING ISLANDS,UM,442
2016,2,UGANDA,UG,"521,917"
2016,2,UKRAINE,UA,"7,176,437"
2016,2,UNION OF MYANMAR,MM,"63,352,073"
2016,2,UNITED ARAB EMIRATES,AE,"221,913,561"
2016,2,UNITED KINGDOM,GB,"147,632,206"
2016,2,UNITED REP. OF TANZANIA,TZ,"18,244,233"
2016,2,UNITED STATES OF AMERICA,US,"1,416,515,078"
2016,2,UNITED STATES VIRGIN ISLANDS,VI,"1,797"
2016,2,URUGUAY,UY,"1,589,496"
2016,2,UZBEKISTAN,UZ,"10,247,558"
2016,2,VANUATU,VU,"157,307"
2016,2,VENEZUELA,VE,"134,624"
2016,2,WALLIS AND FUTUNA ISLANDS,WF,"10,737"
2016,2,WESTERN SAMOA,WS,"301,809"
2016,2,ZAMBIA,ZM,"139,559"
2016,2,ZIMBABWE,ZW,"124,703"
2016,3,AFGHANISTAN,AF,"5,163,904"
2016,3,ALBANIA,AL,"198,939"
2016,3,ALGERIA,DZ,"10,799,646"
2016,3,AMERICAN SAMOA,AS,"78,105"
2016,3,ANGOLA,AO,"9,548,072"
2016,3,ANGUILLA,AI,0
2016,3,ANTIGUA & BARBUDA,AG,"102,420"
2016,3,ARGENTINA,AR,"13,569,948"
2016,3,ARMENIA,AM,"605,109"
2016,3,ARUBA,AW,"363,389"
2016,3,AUSTRALIA,AU,"599,760,297"
2016,3,AUSTRIA,AT,"10,530,838"
2016,3,AZERBAIJAN,AZ,"521,004"
2016,3,BAHAMAS,BS,"624,886"
2016,3,BAHRAIN,BH,"5,822,978"
2016,3,BANGLADESH,BD,"109,826,344"
2016,3,BARBADOS,BB,"131,499"
2016,3,BELARUS,BY,"176,946"
2016,3,BELGIUM,BE,"78,020,969"
2016,3,BELIZE,BZ,"220,586"
2016,3,BENIN,BJ,"30,703,857"
2016,3,BERMUDA,BM,"1,304"
2016,3,BHUTAN,BT,"73,014"
2016,3,BOLIVIA,BO,"470,658"
2016,3,BOSNIA - HERZEGOVINA,BA,813
2016,3,BOTSWANA,BW,"271,677"
2016,3,BRAZIL,BR,"65,608,255"
2016,3,BRITISH VIRGIN ISLANDS,VG,0
2016,3,BRUNEI DARUSSALAM,BN,"46,622,058"
2016,3,BULGARIA,BG,"5,097,223"
2016,3,BURKINA FASO,BF,"2,169"
2016,3,CAMBODIA,KH,"30,043,866"
2016,3,CAMEROON,CM,"1,171,021"
2016,3,CANADA,CA,"58,920,247"
2016,3,CAPE VERDE,CV,"75,327"
2016,3,CAYMAN ISLANDS,KY,"21,086"
2016,3,CENTRAL AFRICAN REPUBLIC,CF,"144,271"
2016,3,CHAD,TD,550
2016,3,CHILE,CL,"11,401,494"
2016,3,CHRISTMAS ISLAND (IND.OCEAN),CX,"89,316"
2016,3,COLOMBIA,CO,"6,669,316"
2016,3,COMOROS,KM,"445,545"
2016,3,CONGO,CG,"1,871,021"
2016,3,"CONGO, THE DEMOCRATIC REPUBLIC (ZAIRE)",CD,"846,130"
2016,3,COOK ISLANDS,CK,"10,484"
2016,3,COSTA RICA,CR,"2,824,583"
2016,3,COTE D'IVOIRE,CI,"8,816,820"
2016,3,CROATIA,HR,"972,102"
2016,3,CUBA,CU,"446,146"
2016,3,CURACAO,CW,"113,308"
2016,3,CYPRUS,CY,"751,927"
2016,3,CZECH REPUBLIC,CZ,"26,376,779"
2016,3,DEM. PEOPLE'S REP. OF KOREA,KP,"760,122"
2016,3,DENMARK,DK,"13,869,537"
2016,3,DJIBOUTI,DJ,"5,602,297"
2016,3,DOMINICA,DM,"74,288"
2016,3,DOMINICAN REPUBLIC,DO,"2,674,748"
2016,3,ECUADOR,EC,"1,285,274"
2016,3,EGYPT,EG,"42,395,425"
2016,3,EL SALVADOR,SV,"996,721"
2016,3,EQUATORIAL GUINEA,GQ,"1,112,613"
2016,3,ERITREA,ER,"455,220"
2016,3,ESTONIA,EE,"3,380,909"
2016,3,ETHIOPIA,ET,"11,454,152"
2016,3,FED. STATES OF MICRONESIA,FM,"87,262"
2016,3,FEDERAL REPUBLIC OF GERMANY,DE,"467,099,187"
2016,3,FIJI,FJ,"3,994,623"
2016,3,FINLAND,FI,"9,841,919"
2016,3,FRANCE,FR,"128,718,037"
2016,3,FRENCH GUIANA,GF,"142,943"
2016,3,FRENCH POLYNESIA,PF,"422,400"
2016,3,GABON,GA,"1,640,607"
2016,3,GAMBIA,GM,"1,594,922"
2016,3,GEORGIA,GE,"1,223,001"
2016,3,GHANA,GH,"24,034,152"
2016,3,GIBRALTAR,GI,"2,895"
2016,3,GREECE,GR,"18,890,267"
2016,3,GREENLAND,GL,0
2016,3,GRENADA,GD,"420,947"
2016,3,GUADELOUPE,GP,"163,665"
2016,3,GUAM,GU,"182,635"
2016,3,GUATEMALA,GT,"2,102,880"
2016,3,GUINEA,GN,"1,018,090"
2016,3,GUINEA-BISSAU,GW,"139,780"
2016,3,GUYANA,GY,"264,486"
2016,3,HAITI,HT,"912,197"
2016,3,HONDURAS,HN,"948,451"
2016,3,HONG KONG,HK,"819,291,153"
2016,3,HUNGARY,HU,"18,550,578"
2016,3,ICELAND,IS,"38,916"
2016,3,INDIA,IN,"704,163,755"
2016,3,IRAQ,IQ,"8,186,784"
2016,3,IRELAND,IE,"13,198,923"
2016,3,ISLAMIC REP. OF IRAN,IR,"34,168,981"
2016,3,ITALY,IT,"86,638,634"
2016,3,JAMAICA,JM,"1,910,872"
2016,3,JAPAN,JP,"1,506,017,464"
2016,3,JORDAN,JO,"7,908,456"
2016,3,KAZAKHSTAN,KZ,"3,406,175"
2016,3,KENYA,KE,"11,465,029"
2016,3,KIRIBATI,KI,"123,713"
2016,3,KUWAIT,KW,"19,464,535"
2016,3,KYRGYZSTAN,KG,"77,027"
2016,3,LATVIA,LV,"1,726,323"
2016,3,LEBANON,LB,"6,427,333"
2016,3,LESOTHO,LS,"138,202"
2016,3,LIBERIA,LR,"1,735,662"
2016,3,LIBYAN ARAB JAMAHIRIYA,LY,"17,408,906"
2016,3,LIECHTENSTEIN,LI,"74,449"
2016,3,LITHUANIA,LT,"2,083,668"
2016,3,LUXEMBOURG,LU,"729,546"
2016,3,MACAU,MO,"1,870,247"
2016,3,MACEDONIA,MK,"34,650"
2016,3,MADAGASCAR,MG,"6,063,092"
2016,3,MALAWI,MW,"2,882,975"
2016,3,"MALAYSIA, PENINSULAR",MY,0
2016,3,MALDIVES,MV,"9,266,305"
2016,3,MALI,ML,"166,405"
2016,3,MALTA,MT,"1,292,465"
2016,3,MARSHALL ISLANDS,MH,"167,241"
2016,3,MARTINIQUE,MQ,"166,733"
2016,3,MAURITANIA,MR,"1,297,618"
2016,3,MAURITIUS,MU,"7,072,838"
2016,3,MAYOTTE,YT,"207,107"
2016,3,MEXICO,MX,"142,358,759"
2016,3,MONTENEGRO,ME,"87,474"
2016,3,MOROCCO,MA,"6,452,406"
2016,3,MOZAMBIQUE,MZ,"11,261,111"
2016,3,NAMIBIA,NA,"479,729"
2016,3,NEPAL,NP,"2,252,877"
2016,3,NETHERLANDS,NL,"433,522,745"
2016,3,NEW CALEDONIA,NC,"934,470"
2016,3,NEW ZEALAND,NZ,"59,958,428"
2016,3,NICARAGUA,NI,"360,909"
2016,3,NIGER,NE,"402,645"
2016,3,NIGERIA,NG,"95,366,597"
2016,3,NORFOLK ISLAND,NF,"5,063"
2016,3,NORTHERN MARIANA ISLANDS,MP,"90,295"
2016,3,NORWAY,NO,"10,033,175"
2016,3,OMAN,OM,"25,332,517"
2016,3,"OTHER COUNTRIES, NES.",ZZ,"1,478,572"
2016,3,PAKISTAN,PK,"94,948,197"
2016,3,PALAU,PW,"121,425"
2016,3,PALESTINE,PS,"158,360"
2016,3,PANAMA,PA,"10,248,235"
2016,3,PAPUA NEW GUINEA,PG,"42,151,242"
2016,3,PARAGUAY,PY,"1,244,879"
2016,3,PEOPLE'S DEM. REP. LAO,LA,"1,580,756"
2016,3,PEOPLE'S REP. OF MONGOLIA,MN,"2,016,035"
2016,3,PEOPLE'S REPUBLIC OF CHINA,CN,"1,915,687,861"
2016,3,PERU,PE,"6,701,321"
2016,3,PHILIPPINES,PH,"290,021,468"
2016,3,POLAND,PL,"23,147,876"
2016,3,PORTUGAL,PT,"5,918,403"
2016,3,PUERTO RICO,PR,"718,074"
2016,3,QATAR,QA,"10,939,957"
2016,3,REPUBLIC OF INDONESIA,ID,"555,908,522"
2016,3,REPUBLIC OF KOREA,KR,"480,534,696"
2016,3,REPUBLIC OF MOLDOVA,MD,"68,657"
2016,3,REPUBLIC OF SINGAPORE,SG,"2,287,069,501"
2016,3,REPUBLIC OF SOUTH AFRICA,ZA,"62,516,160"
2016,3,REPUBLIC OF SRI LANKA,LK,"40,325,474"
2016,3,REPUBLIC OF YEMEN,YE,"7,304,847"
2016,3,REUNION ISLANDS,RE,"1,489,479"
2016,3,ROMANIA,RO,"9,812,644"
2016,3,RUSSIAN FEDERATION,RU,"38,985,785"
2016,3,RWANDA,RW,"136,881"
2016,3,SAINT LUCIA,LC,"13,999"
2016,3,SAO TOME AND PRINCIPE,ST,"30,307"
2016,3,SAUDI ARABIA,SA,"72,796,972"
2016,3,SENEGAL,SN,"4,087,605"
2016,3,SERBIA,RS,"279,468"
2016,3,SEYCHELLES,SC,"917,718"
2016,3,SIERRA LEONE,SL,"979,646"
2016,3,SLOVAKIA,SK,"3,900,621"
2016,3,SLOVENIA,SI,"7,570,438"
2016,3,SOCIALIST REP. OF VIET NAM,VN,"491,691,551"
2016,3,SOLOMON ISLANDS,SB,"3,364,564"
2016,3,SOMALIA,SO,"6,111,711"
2016,3,SPAIN,ES,"58,983,487"
2016,3,SUDAN,SD,"3,109,442"
2016,3,SURINAME,SR,"70,619"
2016,3,SW,SW,0
2016,3,SWAZILAND,SZ,"20,911"
2016,3,SWEDEN,SE,"31,758,621"
2016,3,SWITZERLAND,CH,"28,072,568"
2016,3,SYRIAN ARAB REPUBLIC,SY,"2,676,394"
2016,3,TAIWAN,TW,"413,866,672"
2016,3,TAJIKISTAN,TJ,"162,177"
2016,3,THAILAND,TH,"901,327,896"
2016,3,TIMOR LESTE,TL,"673,284"
2016,3,TOGO,TG,"4,464,984"
2016,3,TONGA,TO,"264,551"
2016,3,TRINIDAD AND TOBAGO,TT,"33,883,019"
2016,3,TUNISIA,TN,"4,593,815"
2016,3,TURKEY,TR,"125,892,688"
2016,3,TURKMENISTAN,TM,"362,349"
2016,3,TUVALU,TV,"34,632"
2016,3,U.S. MINOR OUTLYING ISLANDS,UM,"3,443"
2016,3,UGANDA,UG,"787,958"
2016,3,UKRAINE,UA,"5,228,151"
2016,3,UNION OF MYANMAR,MM,"104,620,990"
2016,3,UNITED ARAB EMIRATES,AE,"227,811,850"
2016,3,UNITED KINGDOM,GB,"186,579,242"
2016,3,UNITED REP. OF TANZANIA,TZ,"32,447,500"
2016,3,UNITED STATES OF AMERICA,US,"1,669,147,295"
2016,3,UNITED STATES VIRGIN ISLANDS,VI,353
2016,3,URUGUAY,UY,"2,464,333"
2016,3,UZBEKISTAN,UZ,"5,915,175"
2016,3,VANUATU,VU,"156,840"
2016,3,VENEZUELA,VE,"14,778,172"
2016,3,WALLIS AND FUTUNA ISLANDS,WF,"5,571"
2016,3,WESTERN SAMOA,WS,"587,848"
2016,3,ZAMBIA,ZM,"208,444"
2016,3,ZIMBABWE,ZW,"2,203,499"
2016,4,AFGHANISTAN,AF,"4,906,330"
2016,4,ALBANIA,AL,"276,585"
2016,4,ALGERIA,DZ,"11,533,224"
2016,4,AMERICAN SAMOA,AS,"356,558"
2016,4,ANGOLA,AO,"9,618,559"
2016,4,ANGUILLA,AI,604
2016,4,ANTIGUA & BARBUDA,AG,"138,272"
2016,4,ARGENTINA,AR,"12,866,099"
2016,4,ARMENIA,AM,"6,486"
2016,4,ARUBA,AW,"50,134"
2016,4,AUSTRALIA,AU,"614,947,031"
2016,4,AUSTRIA,AT,"14,146,660"
2016,4,AZERBAIJAN,AZ,"806,523"
2016,4,BAHAMAS,BS,"546,743"
2016,4,BAHRAIN,BH,"6,689,098"
2016,4,BANGLADESH,BD,"140,953,716"
2016,4,BARBADOS,BB,"268,092"
2016,4,BELARUS,BY,"72,582"
2016,4,BELGIUM,BE,"89,745,782"
2016,4,BELIZE,BZ,"269,218"
2016,4,BENIN,BJ,"33,867,766"
2016,4,BERMUDA,BM,"3,494"
2016,4,BHUTAN,BT,"40,625"
2016,4,BOLIVIA,BO,"689,775"
2016,4,BOSNIA - HERZEGOVINA,BA,"16,353"
2016,4,BOTSWANA,BW,"608,547"
2016,4,BRAZIL,BR,"57,617,478"
2016,4,BRITISH VIRGIN ISLANDS,VG,0
2016,4,BRUNEI DARUSSALAM,BN,"46,864,976"
2016,4,BULGARIA,BG,"6,484,148"
2016,4,BURKINA FASO,BF,"13,412"
2016,4,BURUNDI,BI,"52,684"
2016,4,CAMBODIA,KH,"21,487,495"
2016,4,CAMEROON,CM,"4,748,115"
2016,4,CANADA,CA,"55,321,198"
2016,4,CAPE VERDE,CV,"43,271"
2016,4,CAYMAN ISLANDS,KY,"1,496"
2016,4,CENTRAL AFRICAN REPUBLIC,CF,"32,693"
2016,4,CHILE,CL,"11,231,297"
2016,4,CHRISTMAS ISLAND (IND.OCEAN),CX,"17,878"
2016,4,COLOMBIA,CO,"6,236,126"
2016,4,COMOROS,KM,"471,995"
2016,4,CONGO,CG,"4,290,451"
2016,4,"CONGO, THE DEMOCRATIC REPUBLIC (ZAIRE)",CD,"2,313,497"
2016,4,COOK ISLANDS,CK,"30,397"
2016,4,COSTA RICA,CR,"3,619,020"
2016,4,COTE D'IVOIRE,CI,"5,873,202"
2016,4,CROATIA,HR,"1,376,703"
2016,4,CUBA,CU,"6,392,183"
2016,4,CURACAO,CW,"12,986"
2016,4,CYPRUS,CY,"922,675"
2016,4,CZECH REPUBLIC,CZ,"31,481,392"
2016,4,DEM. PEOPLE'S REP. OF KOREA,KP,"564,043"
2016,4,DENMARK,DK,"13,190,924"
2016,4,DJIBOUTI,DJ,"10,698,912"
2016,4,DOMINICA,DM,"92,743"
2016,4,DOMINICAN REPUBLIC,DO,"2,280,379"
2016,4,ECUADOR,EC,"1,503,997"
2016,4,EGYPT,EG,"47,911,495"
2016,4,EL SALVADOR,SV,"1,447,543"
2016,4,EQUATORIAL GUINEA,GQ,"1,345,384"
2016,4,ERITREA,ER,"1,222,824"
2016,4,ESTONIA,EE,"2,614,367"
2016,4,ETHIOPIA,ET,"4,233,222"
2016,4,FED. STATES OF MICRONESIA,FM,"24,816"
2016,4,FEDERAL REPUBLIC OF GERMANY,DE,"445,560,013"
2016,4,FIJI,FJ,"4,577,964"
2016,4,FINLAND,FI,"7,125,599"
2016,4,FRANCE,FR,"119,369,625"
2016,4,FRENCH GUIANA,GF,"54,347"
2016,4,FRENCH POLYNESIA,PF,"297,039"
2016,4,GABON,GA,"3,088,913"
2016,4,GAMBIA,GM,"1,457,553"
2016,4,GEORGIA,GE,"4,571,324"
2016,4,GHANA,GH,"22,186,153"
2016,4,GIBRALTAR,GI,"3,742"
2016,4,GREECE,GR,"7,331,245"
2016,4,GRENADA,GD,"1,032,161"
2016,4,GUADELOUPE,GP,"280,216"
2016,4,GUAM,GU,"239,026"
2016,4,GUATEMALA,GT,"1,949,498"
2016,4,GUINEA,GN,"7,485,578"
2016,4,GUINEA-BISSAU,GW,"340,349"
2016,4,GUYANA,GY,"342,102"
2016,4,HAITI,HT,"405,522"
2016,4,HONDURAS,HN,"9,029,964"
2016,4,HONG KONG,HK,"798,835,811"
2016,4,HUNGARY,HU,"23,484,162"
2016,4,ICELAND,IS,"66,376"
2016,4,INDIA,IN,"592,185,707"
2016,4,IRAQ,IQ,"6,566,696"
2016,4,IRELAND,IE,"9,577,021"
2016,4,ISLAMIC REP. OF IRAN,IR,"28,389,355"
2016,4,ITALY,IT,"91,891,657"
2016,4,JAMAICA,JM,"1,585,138"
2016,4,JAPAN,JP,"1,132,692,757"
2016,4,JORDAN,JO,"9,231,488"
2016,4,KAZAKHSTAN,KZ,"4,165,747"
2016,4,KENYA,KE,"12,652,497"
2016,4,KIRIBATI,KI,"94,086"
2016,4,KUWAIT,KW,"15,086,656"
2016,4,KYRGYZSTAN,KG,"341,609"
2016,4,LATVIA,LV,"2,348,945"
2016,4,LEBANON,LB,"5,975,983"
2016,4,LESOTHO,LS,"427,102"
2016,4,LIBERIA,LR,"7,287,985"
2016,4,LIBYAN ARAB JAMAHIRIYA,LY,"885,519"
2016,4,LIECHTENSTEIN,LI,"280,666"
2016,4,LITHUANIA,LT,"1,812,727"
2016,4,LUXEMBOURG,LU,"723,646"
2016,4,MACAU,MO,"2,135,064"
2016,4,MACEDONIA,MK,"17,851"
2016,4,MADAGASCAR,MG,"4,706,137"
2016,4,MALAWI,MW,"397,675"
2016,4,"MALAYSIA, PENINSULAR",MY,0
2016,4,MALDIVES,MV,"10,114,521"
2016,4,MALI,ML,"152,232"
2016,4,MALTA,MT,"2,043,602"
2016,4,MARSHALL ISLANDS,MH,"93,024"
2016,4,MARTINIQUE,MQ,"146,710"
2016,4,MAURITANIA,MR,"4,241,080"
2016,4,MAURITIUS,MU,"6,806,762"
2016,4,MAYOTTE,YT,"661,056"
2016,4,MEXICO,MX,"172,392,101"
2016,4,MONACO,MC,"8,626"
2016,4,MONTENEGRO,ME,"26,331"
2016,4,MOROCCO,MA,"4,989,716"
2016,4,MOZAMBIQUE,MZ,"20,184,204"
2016,4,NAMIBIA,NA,"189,471"
2016,4,NAURU,NR,"108,075"
2016,4,NEPAL,NP,"2,957,360"
2016,4,NETHERLANDS,NL,"344,592,224"
2016,4,NEW CALEDONIA,NC,"14,677,923"
2016,4,NEW ZEALAND,NZ,"42,539,261"
2016,4,NICARAGUA,NI,"464,239"
2016,4,NIGER,NE,"1,148,406"
2016,4,NIGERIA,NG,"91,577,173"
2016,4,NORFOLK ISLAND,NF,0
2016,4,NORTHERN MARIANA ISLANDS,MP,"21,164"
2016,4,NORWAY,NO,"9,237,031"
2016,4,OMAN,OM,"21,873,002"
2016,4,"OTHER COUNTRIES, NES.",ZZ,"637,551"
2016,4,PAKISTAN,PK,"94,259,461"
2016,4,PALAU,PW,"133,972"
2016,4,PALESTINE,PS,993
2016,4,PANAMA,PA,"8,368,354"
2016,4,PAPUA NEW GUINEA,PG,"50,443,286"
2016,4,PARAGUAY,PY,"267,195"
2016,4,PEOPLE'S DEM. REP. LAO,LA,"2,527,995"
2016,4,PEOPLE'S REP. OF MONGOLIA,MN,"1,335,945"
2016,4,PEOPLE'S REPUBLIC OF CHINA,CN,"1,728,206,739"
2016,4,PERU,PE,"7,205,639"
2016,4,PHILIPPINES,PH,"272,812,897"
2016,4,POLAND,PL,"22,252,155"
2016,4,PORTUGAL,PT,"5,982,773"
2016,4,PUERTO RICO,PR,"1,398,949"
2016,4,QATAR,QA,"11,633,753"
2016,4,REPUBLIC OF INDONESIA,ID,"616,190,928"
2016,4,REPUBLIC OF KOREA,KR,"458,311,744"
2016,4,REPUBLIC OF MOLDOVA,MD,"49,167"
2016,4,REPUBLIC OF SINGAPORE,SG,"2,343,151,544"
2016,4,REPUBLIC OF SOUTH AFRICA,ZA,"64,314,044"
2016,4,REPUBLIC OF SRI LANKA,LK,"38,945,095"
2016,4,REPUBLIC OF YEMEN,YE,"12,548,446"
2016,4,REUNION ISLANDS,RE,"803,004"
2016,4,ROMANIA,RO,"9,417,756"
2016,4,RUSSIAN FEDERATION,RU,"42,001,998"
2016,4,RWANDA,RW,0
2016,4,SAINT KITTS & NEVIS,KN,"10,633"
2016,4,SAINT LUCIA,LC,"15,739"
2016,4,SAINT VINCENT/GRENADINES,VC,"14,077"
2016,4,SAO TOME AND PRINCIPE,ST,"28,171"
2016,4,SAUDI ARABIA,SA,"63,840,309"
2016,4,SENEGAL,SN,"4,535,178"
2016,4,SERBIA,RS,"538,781"
2016,4,SEYCHELLES,SC,"1,146,161"
2016,4,SIERRA LEONE,SL,"880,910"
2016,4,SLOVAKIA,SK,"4,940,977"
2016,4,SLOVENIA,SI,"17,251,759"
2016,4,SOCIALIST REP. OF VIET NAM,VN,"539,758,483"
2016,4,SOLOMON ISLANDS,SB,"8,861,180"
2016,4,SOMALIA,SO,"8,273,417"
2016,4,SPAIN,ES,"32,304,037"
2016,4,SUDAN,SD,"4,165,430"
2016,4,SURINAME,SR,"177,469"
2016,4,SW,SW,0
2016,4,SWAZILAND,SZ,"77,057"
2016,4,SWEDEN,SE,"32,448,527"
2016,4,SWITZERLAND,CH,"22,084,094"
2016,4,SYRIAN ARAB REPUBLIC,SY,"3,698,975"
2016,4,TAIWAN,TW,"488,320,903"
2016,4,TAJIKISTAN,TJ,"193,877"
2016,4,THAILAND,TH,"809,975,104"
2016,4,TIMOR LESTE,TL,"597,846"
2016,4,TOGO,TG,"13,029,735"
2016,4,TOKELAU,TK,0
2016,4,TONGA,TO,"185,947"
2016,4,TRINIDAD AND TOBAGO,TT,"3,282,366"
2016,4,TUNISIA,TN,"9,260,939"
2016,4,TURKEY,TR,"94,808,155"
2016,4,TURKMENISTAN,TM,"329,170"
2016,4,TUVALU,TV,"22,618"
2016,4,U.S. MINOR OUTLYING ISLANDS,UM,"2,123"
2016,4,UGANDA,UG,"610,058"
2016,4,UKRAINE,UA,"4,897,881"
2016,4,UNION OF MYANMAR,MM,"57,586,244"
2016,4,UNITED ARAB EMIRATES,AE,"306,686,054"
2016,4,UNITED KINGDOM,GB,"173,772,997"
2016,4,UNITED REP. OF TANZANIA,TZ,"40,736,424"
2016,4,UNITED STATES OF AMERICA,US,"1,698,220,766"
2016,4,URUGUAY,UY,"1,417,149"
2016,4,UZBEKISTAN,UZ,"15,193,900"
2016,4,VANUATU,VU,"146,461"
2016,4,VENEZUELA,VE,"6,598,299"
2016,4,WESTERN SAMOA,WS,"363,304"
2016,4,ZAMBIA,ZM,"79,604"
2016,4,ZIMBABWE,ZW,"867,227"
2016,5,AFGHANISTAN,AF,"4,436,456"
2016,5,ALBANIA,AL,"260,988"
2016,5,ALGERIA,DZ,"7,851,612"
2016,5,AMERICAN SAMOA,AS,"5,170,675"
2016,5,ANDORRA,AD,"19,253"
2016,5,ANGOLA,AO,"7,826,013"
2016,5,ANGUILLA,AI,448
2016,5,ANTIGUA & BARBUDA,AG,"50,979"
2016,5,ARGENTINA,AR,"39,740,495"
2016,5,ARMENIA,AM,"225,028"
2016,5,ARUBA,AW,"2,521"
2016,5,AUSTRALIA,AU,"479,619,365"
2016,5,AUSTRIA,AT,"9,340,610"
2016,5,AZERBAIJAN,AZ,"1,187,467"
2016,5,BAHAMAS,BS,"487,091"
2016,5,BAHRAIN,BH,"6,500,678"
2016,5,BANGLADESH,BD,"142,357,963"
2016,5,BARBADOS,BB,"249,335"
2016,5,BELARUS,BY,"351,131"
2016,5,BELGIUM,BE,"85,917,671"
2016,5,BELIZE,BZ,"165,329"
2016,5,BENIN,BJ,"25,876,187"
2016,5,BERMUDA,BM,"3,500"
2016,5,BHUTAN,BT,"46,616"
2016,5,BOLIVIA,BO,"114,443"
2016,5,BOSNIA - HERZEGOVINA,BA,"46,422"
2016,5,BOTSWANA,BW,"112,356"
2016,5,BRAZIL,BR,"39,373,566"
2016,5,BRITISH VIRGIN ISLANDS,VG,"3,843,628"
2016,5,BRUNEI DARUSSALAM,BN,"49,234,165"
2016,5,BULGARIA,BG,"4,444,077"
2016,5,BURKINA FASO,BF,"852,254"
2016,5,CAMBODIA,KH,"20,086,249"
2016,5,CAMEROON,CM,"1,921,808"
2016,5,CANADA,CA,"52,693,652"
2016,5,CAPE VERDE,CV,"2,397"
2016,5,CAYMAN ISLANDS,KY,"118,492"
2016,5,CENTRAL AFRICAN REPUBLIC,CF,"178,221"
2016,5,CHAD,TD,"34,484"
2016,5,CHILE,CL,"19,632,679"
2016,5,CHRISTMAS ISLAND (IND.OCEAN),CX,"17,121"
2016,5,COLOMBIA,CO,"5,322,444"
2016,5,COMOROS,KM,"204,289"
2016,5,CONGO,CG,"4,329,435"
2016,5,"CONGO, THE DEMOCRATIC REPUBLIC (ZAIRE)",CD,"581,877"
2016,5,COOK ISLANDS,CK,"9,342"
2016,5,COSTA RICA,CR,"4,218,044"
2016,5,COTE D'IVOIRE,CI,"6,255,837"
2016,5,CROATIA,HR,"1,387,134"
2016,5,CUBA,CU,"1,487,277"
2016,5,CURACAO,CW,"19,120"
2016,5,CYPRUS,CY,"1,112,338"
2016,5,CZECH REPUBLIC,CZ,"23,970,347"
2016,5,DEM. PEOPLE'S REP. OF KOREA,KP,"593,324"
2016,5,DENMARK,DK,"8,960,851"
2016,5,DJIBOUTI,DJ,"5,221,068"
2016,5,DOMINICA,DM,"41,159"
2016,5,DOMINICAN REPUBLIC,DO,"2,354,150"
2016,5,ECUADOR,EC,"935,778"
2016,5,EGYPT,EG,"39,417,718"
2016,5,EL SALVADOR,SV,"1,788,513"
2016,5,EQUATORIAL GUINEA,GQ,"222,681"
2016,5,ERITREA,ER,"217,506"
2016,5,ESTONIA,EE,"1,172,845"
2016,5,ETHIOPIA,ET,"9,950,128"
2016,5,FED. STATES OF MICRONESIA,FM,"52,010"
2016,5,FEDERAL REPUBLIC OF GERMANY,DE,"432,057,787"
2016,5,FIJI,FJ,"2,824,876"
2016,5,FINLAND,FI,"6,671,906"
2016,5,FRANCE,FR,"115,745,866"
2016,5,FRENCH GUIANA,GF,"35,859"
2016,5,FRENCH POLYNESIA,PF,"2,334,621"
2016,5,GABON,GA,"6,158,597"
2016,5,GAMBIA,GM,"1,615,151"
2016,5,GEORGIA,GE,"2,355,820"
2016,5,GHANA,GH,"16,895,244"
2016,5,GIBRALTAR,GI,"30,505"
2016,5,GREECE,GR,"4,430,109"
2016,5,GREENLAND,GL,0
2016,5,GRENADA,GD,"558,020"
2016,5,GUADELOUPE,GP,"69,515"
2016,5,GUAM,GU,"163,438"
2016,5,GUATEMALA,GT,"2,082,718"
2016,5,GUINEA,GN,"802,299"
2016,5,GUINEA-BISSAU,GW,"340,265"
2016,5,GUYANA,GY,"724,144"
2016,5,HAITI,HT,"1,029,527"
2016,5,HONDURAS,HN,"3,307,605"
2016,5,HONG KONG,HK,"726,592,100"
2016,5,HUNGARY,HU,"22,184,586"
2016,5,ICELAND,IS,"57,495"
2016,5,INDIA,IN,"676,553,890"
2016,5,IRAQ,IQ,"10,190,539"
2016,5,IRELAND,IE,"12,632,537"
2016,5,ISLAMIC REP. OF IRAN,IR,"25,194,682"
2016,5,ITALY,IT,"73,503,586"
2016,5,JAMAICA,JM,"1,668,727"
2016,5,JAPAN,JP,"1,057,141,654"
2016,5,JORDAN,JO,"6,523,724"
2016,5,KAZAKHSTAN,KZ,"3,810,067"
2016,5,KENYA,KE,"17,329,058"
2016,5,KIRIBATI,KI,"79,518"
2016,5,KUWAIT,KW,"15,691,212"
2016,5,KYRGYZSTAN,KG,"137,325"
2016,5,LATVIA,LV,"2,734,279"
2016,5,LEBANON,LB,"5,166,176"
2016,5,LESOTHO,LS,"227,036"
2016,5,LIBERIA,LR,"4,485,896"
2016,5,LIBYAN ARAB JAMAHIRIYA,LY,"1,096,722"
2016,5,LIECHTENSTEIN,LI,"30,011"
2016,5,LITHUANIA,LT,"3,278,480"
2016,5,LUXEMBOURG,LU,"657,235"
2016,5,MACAU,MO,"3,240,563"
2016,5,MACEDONIA,MK,"359,764"
2016,5,MADAGASCAR,MG,"7,687,231"
2016,5,MALAWI,MW,"650,041"
2016,5,"MALAYSIA, PENINSULAR",MY,0
2016,5,MALDIVES,MV,"10,536,524"
2016,5,MALI,ML,"313,954"
2016,5,MALTA,MT,"2,332,959"
2016,5,MARSHALL ISLANDS,MH,"54,585"
2016,5,MARTINIQUE,MQ,"104,009"
2016,5,MAURITANIA,MR,"1,447,346"
2016,5,MAURITIUS,MU,"6,897,917"
2016,5,MAYOTTE,YT,"347,052"
2016,5,MEXICO,MX,"161,044,302"
2016,5,MONACO,MC,398
2016,5,MONTENEGRO,ME,"39,556"
2016,5,MOROCCO,MA,"6,912,223"
2016,5,MOZAMBIQUE,MZ,"1,939,150"
2016,5,NAMIBIA,NA,"258,658"
2016,5,NEPAL,NP,"1,615,148"
2016,5,NETHERLANDS,NL,"371,999,722"
2016,5,NEW CALEDONIA,NC,"338,096"
2016,5,NEW ZEALAND,NZ,"70,172,514"
2016,5,NICARAGUA,NI,"1,073,463"
2016,5,NIGER,NE,"484,698"
2016,5,NIGERIA,NG,"49,481,700"
2016,5,NORFOLK ISLAND,NF,"34,452"
2016,5,NORTHERN MARIANA ISLANDS,MP,"119,185"
2016,5,NORWAY,NO,"7,136,661"
2016,5,OMAN,OM,"20,873,446"
2016,5,"OTHER COUNTRIES, NES.",ZZ,"595,279"
2016,5,PAKISTAN,PK,"117,371,988"
2016,5,PALAU,PW,"5,111"
2016,5,PALESTINE,PS,"35,142"
2016,5,PANAMA,PA,"7,738,578"
2016,5,PAPUA NEW GUINEA,PG,"15,142,871"
2016,5,PARAGUAY,PY,"456,226"
2016,5,PEOPLE'S DEM. REP. LAO,LA,"1,752,744"
2016,5,PEOPLE'S REP. OF MONGOLIA,MN,"1,706,456"
2016,5,PEOPLE'S REPUBLIC OF CHINA,CN,"1,750,743,409"
2016,5,PERU,PE,"7,501,259"
2016,5,PHILIPPINES,PH,"268,954,674"
2016,5,POLAND,PL,"19,420,807"
2016,5,PORTUGAL,PT,"5,931,379"
2016,5,PUERTO RICO,PR,"2,631,170"
2016,5,QATAR,QA,"16,121,612"
2016,5,REPUBLIC OF INDONESIA,ID,"563,371,369"
2016,5,REPUBLIC OF KOREA,KR,"386,248,307"
2016,5,REPUBLIC OF MOLDOVA,MD,598
2016,5,REPUBLIC OF SINGAPORE,SG,"2,098,509,151"
2016,5,REPUBLIC OF SOUTH AFRICA,ZA,"37,265,020"
2016,5,REPUBLIC OF SRI LANKA,LK,"45,394,044"
2016,5,REPUBLIC OF YEMEN,YE,"15,375,194"
2016,5,REUNION ISLANDS,RE,"2,226,729"
2016,5,ROMANIA,RO,"8,260,745"
2016,5,RUSSIAN FEDERATION,RU,"37,163,856"
2016,5,RWANDA,RW,"129,648"
2016,5,SAINT KITTS & NEVIS,KN,"34,727"
2016,5,SAINT LUCIA,LC,"16,131"
2016,5,SAINT VINCENT/GRENADINES,VC,"13,466"
2016,5,SAO TOME AND PRINCIPE,ST,"36,466"
2016,5,SAUDI ARABIA,SA,"68,125,048"
2016,5,SENEGAL,SN,"3,451,841"
2016,5,SERBIA,RS,"360,126"
2016,5,SEYCHELLES,SC,"790,346"
2016,5,SIERRA LEONE,SL,"403,301"
2016,5,SLOVAKIA,SK,"4,103,410"
2016,5,SLOVENIA,SI,"24,247,421"
2016,5,SOCIALIST REP. OF VIET NAM,VN,"543,272,003"
2016,5,SOLOMON ISLANDS,SB,"2,202,717"
2016,5,SOMALIA,SO,"6,503,729"
2016,5,SPAIN,ES,"65,735,934"
2016,5,SUDAN,SD,"3,230,911"
2016,5,SURINAME,SR,"211,196"
2016,5,SWAZILAND,SZ,"126,745"
2016,5,SWEDEN,SE,"26,917,069"
2016,5,SWITZERLAND,CH,"29,275,233"
2016,5,SYRIAN ARAB REPUBLIC,SY,"3,035,461"
2016,5,TAIWAN,TW,"392,625,982"
2016,5,TAJIKISTAN,TJ,"136,181"
2016,5,THAILAND,TH,"851,952,060"
2016,5,TIMOR LESTE,TL,"320,375"
2016,5,TOGO,TG,"5,893,017"
2016,5,TONGA,TO,"257,752"
2016,5,TRINIDAD AND TOBAGO,TT,"1,627,145"
2016,5,TUNISIA,TN,"6,497,454"
2016,5,TURKEY,TR,"131,837,767"
2016,5,TURKMENISTAN,TM,"966,489"
2016,5,TURKS AND CAICOS ISLANDS,TC,"16,384"
2016,5,TUVALU,TV,"44,826"
2016,5,U.S. MINOR OUTLYING ISLANDS,UM,"2,241"
2016,5,UGANDA,UG,"1,236,703"
2016,5,UKRAINE,UA,"5,332,900"
2016,5,UNION OF MYANMAR,MM,"59,293,002"
2016,5,UNITED ARAB EMIRATES,AE,"247,914,590"
2016,5,UNITED KINGDOM,GB,"186,078,314"
2016,5,UNITED REP. OF TANZANIA,TZ,"7,032,725"
2016,5,UNITED STATES OF AMERICA,US,"1,576,810,831"
2016,5,UNITED STATES VIRGIN ISLANDS,VI,"3,335"
2016,5,URUGUAY,UY,"1,234,763"
2016,5,UZBEKISTAN,UZ,"15,924,583"
2016,5,VANUATU,VU,"5,465,045"
2016,5,VENEZUELA,VE,"1,426,644"
2016,5,WESTERN SAMOA,WS,"579,076"
2016,5,ZAMBIA,ZM,"148,715"
2016,5,ZIMBABWE,ZW,"1,320,504"
2016,6,AFGHANISTAN,AF,"8,406,931"
2016,6,ALBANIA,AL,"441,485"
2016,6,ALGERIA,DZ,"10,769,784"
2016,6,AMERICAN SAMOA,AS,"256,099"
2016,6,ANDORRA,AD,"14,516"
2016,6,ANGOLA,AO,"25,319,568"
2016,6,ANTIGUA & BARBUDA,AG,"65,202"
2016,6,ARGENTINA,AR,"18,134,322"
2016,6,ARMENIA,AM,"352,548"
2016,6,ARUBA,AW,"196,618"
2016,6,AUSTRALIA,AU,"592,043,784"
2016,6,AUSTRIA,AT,"6,031,032"
2016,6,AZERBAIJAN,AZ,"324,792"
2016,6,BAHAMAS,BS,"397,279"
2016,6,BAHRAIN,BH,"6,172,702"
2016,6,BANGLADESH,BD,"149,837,329"
2016,6,BARBADOS,BB,"178,136"
2016,6,BELARUS,BY,"151,715"
2016,6,BELGIUM,BE,"82,283,356"
2016,6,BELIZE,BZ,"248,319"
2016,6,BENIN,BJ,"19,166,111"
2016,6,BERMUDA,BM,"148,617"
2016,6,BHUTAN,BT,"342,625"
2016,6,BOLIVIA,BO,"779,537"
2016,6,BOSNIA - HERZEGOVINA,BA,"15,491"
2016,6,BOTSWANA,BW,"144,478"
2016,6,BRAZIL,BR,"68,722,104"
2016,6,BRITISH INDIAN OCEAN TERR.,IO,661
2016,6,BRITISH VIRGIN ISLANDS,VG,"3,807,045"
2016,6,BRUNEI DARUSSALAM,BN,"46,831,893"
2016,6,BULGARIA,BG,"4,690,831"
2016,6,BURKINA FASO,BF,"300,000"
2016,6,CAMBODIA,KH,"28,103,493"
2016,6,CAMEROON,CM,"1,832,864"
2016,6,CANADA,CA,"69,727,680"
2016,6,CAPE VERDE,CV,"159,767"
2016,6,CAYMAN ISLANDS,KY,"19,085"
2016,6,CENTRAL AFRICAN REPUBLIC,CF,"53,867"
2016,6,CHAD,TD,"3,556"
2016,6,CHILE,CL,"10,722,302"
2016,6,CHRISTMAS ISLAND (IND.OCEAN),CX,"103,827"
2016,6,COLOMBIA,CO,"6,966,110"
2016,6,COMOROS,KM,"120,413"
2016,6,CONGO,CG,"7,608,555"
2016,6,"CONGO, THE DEMOCRATIC REPUBLIC (ZAIRE)",CD,"1,042,147"
2016,6,COSTA RICA,CR,"4,074,798"
2016,6,COTE D'IVOIRE,CI,"6,806,126"
2016,6,CROATIA,HR,"1,904,103"
2016,6,CUBA,CU,"2,811,317"
2016,6,CURACAO,CW,"13,811"
2016,6,CYPRUS,CY,"1,265,969"
2016,6,CZECH REPUBLIC,CZ,"28,861,819"
2016,6,DEM. PEOPLE'S REP. OF KOREA,KP,"246,918"
2016,6,DENMARK,DK,"8,777,316"
2016,6,DJIBOUTI,DJ,"8,605,255"
2016,6,DOMINICA,DM,"91,423"
2016,6,DOMINICAN REPUBLIC,DO,"2,896,961"
2016,6,ECUADOR,EC,"1,635,698"
2016,6,EGYPT,EG,"32,030,649"
2016,6,EL SALVADOR,SV,"1,249,853"
2016,6,EQUATORIAL GUINEA,GQ,"294,099"
2016,6,ESTONIA,EE,"2,085,776"
2016,6,ETHIOPIA,ET,"11,292,196"
2016,6,FED. STATES OF MICRONESIA,FM,"12,086"
2016,6,FEDERAL REPUBLIC OF GERMANY,DE,"437,395,951"
2016,6,FIJI,FJ,"5,363,195"
2016,6,FINLAND,FI,"8,809,955"
2016,6,FRANCE,FR,"126,557,559"
2016,6,FRENCH POLYNESIA,PF,"237,376"
2016,6,GABON,GA,"2,752,910"
2016,6,GAMBIA,GM,"1,999,522"
2016,6,GEORGIA,GE,"1,250,557"
2016,6,GHANA,GH,"22,366,667"
2016,6,GIBRALTAR,GI,"6,204"
2016,6,GREECE,GR,"7,032,318"
2016,6,GREENLAND,GL,0
2016,6,GRENADA,GD,"1,323,527"
2016,6,GUADELOUPE,GP,"42,252"
2016,6,GUAM,GU,"336,019"
2016,6,GUATEMALA,GT,"2,773,613"
2016,6,GUINEA,GN,"7,863,707"
2016,6,GUINEA-BISSAU,GW,"639,414"
2016,6,GUYANA,GY,"605,258"
2016,6,HAITI,HT,"874,044"
2016,6,HONDURAS,HN,"1,926,910"
2016,6,HONG KONG,HK,"827,798,229"
2016,6,HUNGARY,HU,"28,750,541"
2016,6,ICELAND,IS,"398,088"
2016,6,INDIA,IN,"628,159,773"
2016,6,IRAQ,IQ,"9,456,994"
2016,6,IRELAND,IE,"10,016,494"
2016,6,ISLAMIC REP. OF IRAN,IR,"53,880,861"
2016,6,ITALY,IT,"88,398,683"
2016,6,JAMAICA,JM,"1,331,406"
2016,6,JAPAN,JP,"1,216,612,481"
2016,6,JORDAN,JO,"6,410,692"
2016,6,KAZAKHSTAN,KZ,"4,318,706"
2016,6,KENYA,KE,"15,215,714"
2016,6,KIRIBATI,KI,"91,619"
2016,6,KUWAIT,KW,"15,508,224"
2016,6,KYRGYZSTAN,KG,"127,896"
2016,6,LATVIA,LV,"4,386,811"
2016,6,LEBANON,LB,"4,752,727"
2016,6,LESOTHO,LS,0
2016,6,LIBERIA,LR,"3,514,706"
2016,6,LIBYAN ARAB JAMAHIRIYA,LY,"572,802"
2016,6,LIECHTENSTEIN,LI,"248,678"
2016,6,LITHUANIA,LT,"3,771,623"
2016,6,LUXEMBOURG,LU,"997,072"
2016,6,MACAU,MO,"1,661,998"
2016,6,MACEDONIA,MK,"15,763"
2016,6,MADAGASCAR,MG,"8,358,931"
2016,6,MALAWI,MW,"320,814"
2016,6,"MALAYSIA, PENINSULAR",MY,0
2016,6,MALDIVES,MV,"9,387,704"
2016,6,MALI,ML,"119,475"
2016,6,MALTA,MT,"3,082,430"
2016,6,MARSHALL ISLANDS,MH,"34,052"
2016,6,MARTINIQUE,MQ,"117,549"
2016,6,MAURITANIA,MR,"4,119,886"
2016,6,MAURITIUS,MU,"7,826,156"
2016,6,MAYOTTE,YT,"274,748"
2016,6,MEXICO,MX,"169,092,083"
2016,6,MONACO,MC,0
2016,6,MONTENEGRO,ME,"65,996"
2016,6,MOROCCO,MA,"5,027,157"
2016,6,MOZAMBIQUE,MZ,"16,595,909"
2016,6,NAMIBIA,NA,"654,832"
2016,6,NEPAL,NP,"3,292,512"
2016,6,NETHERLANDS,NL,"442,490,087"
2016,6,NEW CALEDONIA,NC,"871,287"
2016,6,NEW ZEALAND,NZ,"46,925,190"
2016,6,NICARAGUA,NI,"491,429"
2016,6,NIGER,NE,"81,960"
2016,6,NIGERIA,NG,"44,652,944"
2016,6,NORFOLK ISLAND,NF,"3,245"
2016,6,NORTHERN MARIANA ISLANDS,MP,"88,227"
2016,6,NORWAY,NO,"5,982,454"
2016,6,OMAN,OM,"30,718,506"
2016,6,"OTHER COUNTRIES, NES.",ZZ,"2,310,936"
2016,6,PAKISTAN,PK,"114,512,984"
2016,6,PALAU,PW,"97,869"
2016,6,PALESTINE,PS,"35,367"
2016,6,PANAMA,PA,"6,709,608"
2016,6,PAPUA NEW GUINEA,PG,"23,067,241"
2016,6,PARAGUAY,PY,"752,331"
2016,6,PEOPLE'S DEM. REP. LAO,LA,"1,077,238"
2016,6,PEOPLE'S REP. OF MONGOLIA,MN,"1,000,902"
2016,6,PEOPLE'S REPUBLIC OF CHINA,CN,"1,881,793,225"
2016,6,PERU,PE,"13,571,228"
2016,6,PHILIPPINES,PH,"266,509,471"
2016,6,POLAND,PL,"24,242,014"
2016,6,PORTUGAL,PT,"5,779,691"
2016,6,PUERTO RICO,PR,"974,577"
2016,6,QATAR,QA,"13,243,376"
2016,6,REPUBLIC OF INDONESIA,ID,"472,216,819"
2016,6,REPUBLIC OF KOREA,KR,"433,967,953"
2016,6,REPUBLIC OF MOLDOVA,MD,"6,888"
2016,6,REPUBLIC OF SINGAPORE,SG,"2,408,595,392"
2016,6,REPUBLIC OF SOUTH AFRICA,ZA,"78,224,658"
2016,6,REPUBLIC OF SRI LANKA,LK,"61,968,426"
2016,6,REPUBLIC OF YEMEN,YE,"7,732,182"
2016,6,REUNION ISLANDS,RE,"1,313,201"
2016,6,ROMANIA,RO,"8,563,863"
2016,6,RUSSIAN FEDERATION,RU,"45,775,910"
2016,6,RWANDA,RW,"183,862"
2016,6,SAINT LUCIA,LC,"71,620"
2016,6,SAUDI ARABIA,SA,"56,767,449"
2016,6,SENEGAL,SN,"6,600,800"
2016,6,SERBIA,RS,"387,763"
2016,6,SEYCHELLES,SC,"7,203,783"
2016,6,SIERRA LEONE,SL,"493,473"
2016,6,SINT MAARTEN (DUTCH PART),SX,"20,814"
2016,6,SLOVAKIA,SK,"3,505,271"
2016,6,SLOVENIA,SI,"14,545,087"
2016,6,SOCIALIST REP. OF VIET NAM,VN,"657,863,891"
2016,6,SOLOMON ISLANDS,SB,"1,707,796"
2016,6,SOMALIA,SO,"4,516,331"
2016,6,SPAIN,ES,"48,698,288"
2016,6,SUDAN,SD,"3,265,185"
2016,6,SURINAME,SR,"318,424"
2016,6,SWAZILAND,SZ,"61,741"
2016,6,SWEDEN,SE,"23,309,078"
2016,6,SWITZERLAND,CH,"84,621,022"
2016,6,SYRIAN ARAB REPUBLIC,SY,"1,033,284"
2016,6,TAIWAN,TW,"435,597,904"
2016,6,TAJIKISTAN,TJ,"91,972"
2016,6,THAILAND,TH,"919,207,156"
2016,6,TIMOR LESTE,TL,"545,667"
2016,6,TOGO,TG,"5,498,522"
2016,6,TOKELAU,TK,0
2016,6,TONGA,TO,"233,969"
2016,6,TRINIDAD AND TOBAGO,TT,"2,164,367"
2016,6,TUNISIA,TN,"3,805,174"
2016,6,TURKEY,TR,"139,064,702"
2016,6,TURKMENISTAN,TM,"4,912,232"
2016,6,TUVALU,TV,"195,623"
2016,6,U.S. MINOR OUTLYING ISLANDS,UM,"320,416"
2016,6,UGANDA,UG,"1,037,978"
2016,6,UKRAINE,UA,"5,642,882"
2016,6,UNION OF MYANMAR,MM,"93,802,073"
2016,6,UNITED ARAB EMIRATES,AE,"292,108,999"
2016,6,UNITED KINGDOM,GB,"188,057,266"
2016,6,UNITED REP. OF TANZANIA,TZ,"7,988,206"
2016,6,UNITED STATES OF AMERICA,US,"1,722,693,423"
2016,6,UNITED STATES VIRGIN ISLANDS,VI,0
2016,6,URUGUAY,UY,"939,108"
2016,6,UZBEKISTAN,UZ,"3,538,904"
2016,6,VANUATU,VU,"45,073"
2016,6,VENEZUELA,VE,"9,282,923"
2016,6,WESTERN SAMOA,WS,"310,824"
2016,6,ZAMBIA,ZM,"819,624"
2016,6,ZIMBABWE,ZW,"381,739"
2016,7,AFGHANISTAN,AF,"6,769,933"
2016,7,ALBANIA,AL,"253,957"
2016,7,ALGERIA,DZ,"7,243,691"
2016,7,AMERICAN SAMOA,AS,"40,077"
2016,7,ANDORRA,AD,"9,779"
2016,7,ANGOLA,AO,"16,183,054"
2016,7,ANTIGUA & BARBUDA,AG,"26,582"
2016,7,ARGENTINA,AR,"10,421,477"
2016,7,ARMENIA,AM,"731,269"
2016,7,ARUBA,AW,"84,814"
2016,7,AUSTRALIA,AU,"438,363,035"
2016,7,AUSTRIA,AT,"7,630,618"
2016,7,AZERBAIJAN,AZ,"53,572"
2016,7,BAHAMAS,BS,"104,378"
2016,7,BAHRAIN,BH,"4,624,823"
2016,7,BANGLADESH,BD,"59,171,611"
2016,7,BARBADOS,BB,"75,314"
2016,7,BELARUS,BY,"898,695"
2016,7,BELGIUM,BE,"75,119,305"
2016,7,BELIZE,BZ,"221,685"
2016,7,BENIN,BJ,"18,582,336"
2016,7,BERMUDA,BM,762
2016,7,BHUTAN,BT,"87,649"
2016,7,BOLIVIA,BO,"524,362"
2016,7,BOSNIA - HERZEGOVINA,BA,"17,799"
2016,7,BOTSWANA,BW,"355,443"
2016,7,BRAZIL,BR,"62,593,454"
2016,7,BRITISH VIRGIN ISLANDS,VG,"1,193,271"
2016,7,BRUNEI DARUSSALAM,BN,"36,218,889"
2016,7,BULGARIA,BG,"5,684,975"
2016,7,BURKINA FASO,BF,"42,470"
2016,7,BURUNDI,BI,"1,742"
2016,7,CAMBODIA,KH,"21,150,206"
2016,7,CAMEROON,CM,"1,876,447"
2016,7,CANADA,CA,"64,892,504"
2016,7,CAPE VERDE,CV,"168,588"
2016,7,CAYMAN ISLANDS,KY,"4,017"
2016,7,CENTRAL AFRICAN REPUBLIC,CF,"35,803"
2016,7,CHAD,TD,"33,620"
2016,7,CHILE,CL,"11,805,220"
2016,7,CHRISTMAS ISLAND (IND.OCEAN),CX,"96,843"
2016,7,COLOMBIA,CO,"5,834,855"
2016,7,COMOROS,KM,"428,449"
2016,7,CONGO,CG,"5,152,951"
2016,7,"CONGO, THE DEMOCRATIC REPUBLIC (ZAIRE)",CD,"782,295"
2016,7,COOK ISLANDS,CK,"28,720"
2016,7,COSTA RICA,CR,"2,669,021"
2016,7,COTE D'IVOIRE,CI,"5,377,684"
2016,7,CROATIA,HR,"996,111"
2016,7,CUBA,CU,"1,501,604"
2016,7,CURACAO,CW,"79,421"
2016,7,CYPRUS,CY,"833,678"
2016,7,CZECH REPUBLIC,CZ,"23,449,723"
2016,7,DEM. PEOPLE'S REP. OF KOREA,KP,"33,934"
2016,7,DENMARK,DK,"9,654,575"
2016,7,DJIBOUTI,DJ,"6,232,183"
2016,7,DOMINICA,DM,"23,847"
2016,7,DOMINICAN REPUBLIC,DO,"2,323,165"
2016,7,ECUADOR,EC,"1,589,847"
2016,7,EGYPT,EG,"44,850,499"
2016,7,EL SALVADOR,SV,"916,071"
2016,7,EQUATORIAL GUINEA,GQ,"1,707,903"
2016,7,ERITREA,ER,"771,009"
2016,7,ESTONIA,EE,"1,602,933"
2016,7,ETHIOPIA,ET,"7,080,613"
2016,7,FED. STATES OF MICRONESIA,FM,"40,009"
2016,7,FEDERAL REPUBLIC OF GERMANY,DE,"400,329,734"
2016,7,FIJI,FJ,"5,665,956"
2016,7,FINLAND,FI,"8,880,639"
2016,7,FRANCE,FR,"100,103,984"
2016,7,FRENCH GUIANA,GF,"109,334"
2016,7,FRENCH POLYNESIA,PF,"337,875"
2016,7,FRENCH SOUTHERN TERR.,TF,"1,244"
2016,7,GABON,GA,"3,238,888"
2016,7,GAMBIA,GM,"2,246,490"
2016,7,GEORGIA,GE,"2,584,520"
2016,7,GHANA,GH,"3,579,653"
2016,7,GIBRALTAR,GI,"64,063"
2016,7,GREECE,GR,"5,634,692"
2016,7,GRENADA,GD,"2,083,231"
2016,7,GUADELOUPE,GP,"154,184"
2016,7,GUAM,GU,"263,642"
2016,7,GUATEMALA,GT,"2,771,848"
2016,7,GUINEA,GN,"2,544,034"
2016,7,GUINEA-BISSAU,GW,"533,067"
2016,7,GUYANA,GY,"523,079"
2016,7,HAITI,HT,"730,043"
2016,7,HONDURAS,HN,"1,308,718"
2016,7,HONG KONG,HK,"691,553,852"
2016,7,HUNGARY,HU,"29,246,065"
2016,7,ICELAND,IS,"74,336"
2016,7,INDIA,IN,"572,473,896"
2016,7,IRAQ,IQ,"8,371,102"
2016,7,IRELAND,IE,"10,411,543"
2016,7,ISLAMIC REP. OF IRAN,IR,"59,182,869"
2016,7,ITALY,IT,"84,985,389"
2016,7,JAMAICA,JM,"1,401,521"
2016,7,JAPAN,JP,"1,253,576,865"
2016,7,JORDAN,JO,"5,496,351"
2016,7,KAZAKHSTAN,KZ,"5,683,923"
2016,7,KENYA,KE,"12,496,209"
2016,7,KIRIBATI,KI,"146,504"
2016,7,KUWAIT,KW,"14,724,006"
2016,7,KYRGYZSTAN,KG,"92,650"
2016,7,LATVIA,LV,"5,549,999"
2016,7,LEBANON,LB,"4,846,654"
2016,7,LESOTHO,LS,"103,539"
2016,7,LIBERIA,LR,"2,196,443"
2016,7,LIBYAN ARAB JAMAHIRIYA,LY,"952,359"
2016,7,LIECHTENSTEIN,LI,"23,758"
2016,7,LITHUANIA,LT,"3,146,575"
2016,7,LUXEMBOURG,LU,"513,684"
2016,7,MACAU,MO,"1,307,642"
2016,7,MACEDONIA,MK,"21,016"
2016,7,MADAGASCAR,MG,"6,033,543"
2016,7,MALAWI,MW,"4,448,374"
2016,7,"MALAYSIA, PENINSULAR",MY,0
2016,7,MALDIVES,MV,"8,394,047"
2016,7,MALI,ML,"445,430"
2016,7,MALTA,MT,"1,865,761"
2016,7,MARSHALL ISLANDS,MH,"93,908"
2016,7,MARTINIQUE,MQ,"59,587"
2016,7,MAURITANIA,MR,"5,348,833"
2016,7,MAURITIUS,MU,"6,616,085"
2016,7,MAYOTTE,YT,"231,875"
2016,7,MEXICO,MX,"151,219,035"
2016,7,MONTENEGRO,ME,"119,086"
2016,7,MOROCCO,MA,"7,248,755"
2016,7,MOZAMBIQUE,MZ,"16,382,524"
2016,7,NAMIBIA,NA,"172,759"
2016,7,NAURU,NR,"13,151"
2016,7,NEPAL,NP,"1,594,102"
2016,7,NETHERLANDS,NL,"426,577,771"
2016,7,NEW CALEDONIA,NC,"1,945,409"
2016,7,NEW ZEALAND,NZ,"43,962,449"
2016,7,NICARAGUA,NI,"431,432"
2016,7,NIGER,NE,"52,574"
2016,7,NIGERIA,NG,"113,254,293"
2016,7,NORTHERN MARIANA ISLANDS,MP,"79,205"
2016,7,NORWAY,NO,"6,745,309"
2016,7,OMAN,OM,"13,527,289"
2016,7,"OTHER COUNTRIES, NES.",ZZ,"2,230,841"
2016,7,PAKISTAN,PK,"90,057,380"
2016,7,PALESTINE,PS,"40,320"
2016,7,PANAMA,PA,"12,365,048"
2016,7,PAPUA NEW GUINEA,PG,"22,657,007"
2016,7,PARAGUAY,PY,"617,507"
2016,7,PEOPLE'S DEM. REP. LAO,LA,"914,821"
2016,7,PEOPLE'S REP. OF MONGOLIA,MN,"1,330,559"
2016,7,PEOPLE'S REPUBLIC OF CHINA,CN,"1,812,119,581"
2016,7,PERU,PE,"7,155,982"
2016,7,PHILIPPINES,PH,"257,910,828"
2016,7,POLAND,PL,"19,002,774"
2016,7,PORTUGAL,PT,"5,068,492"
2016,7,PUERTO RICO,PR,"1,411,533"
2016,7,QATAR,QA,"12,925,041"
2016,7,REPUBLIC OF INDONESIA,ID,"522,910,619"
2016,7,REPUBLIC OF KOREA,KR,"387,044,102"
2016,7,REPUBLIC OF MOLDOVA,MD,0
2016,7,REPUBLIC OF SINGAPORE,SG,"2,277,493,759"
2016,7,REPUBLIC OF SOUTH AFRICA,ZA,"48,093,697"
2016,7,REPUBLIC OF SRI LANKA,LK,"51,881,192"
2016,7,REPUBLIC OF YEMEN,YE,"9,875,864"
2016,7,REUNION ISLANDS,RE,"2,245,315"
2016,7,ROMANIA,RO,"10,496,521"
2016,7,RUSSIAN FEDERATION,RU,"35,859,338"
2016,7,RWANDA,RW,"7,300"
2016,7,SAINT LUCIA,LC,"50,038"
2016,7,SAINT VINCENT/GRENADINES,VC,"72,227"
2016,7,SAUDI ARABIA,SA,"70,141,880"
2016,7,SENEGAL,SN,"5,523,139"
2016,7,SERBIA,RS,"621,114"
2016,7,SEYCHELLES,SC,"1,030,589"
2016,7,SIERRA LEONE,SL,"872,237"
2016,7,SLOVAKIA,SK,"4,704,816"
2016,7,SLOVENIA,SI,"16,565,101"
2016,7,SOCIALIST REP. OF VIET NAM,VN,"448,977,339"
2016,7,SOLOMON ISLANDS,SB,"3,702,052"
2016,7,SOMALIA,SO,"6,926,903"
2016,7,SPAIN,ES,"62,417,552"
2016,7,SUDAN,SD,"1,917,034"
2016,7,SURINAME,SR,"369,285"
2016,7,SWAZILAND,SZ,"186,085"
2016,7,SWEDEN,SE,"28,275,469"
2016,7,SWITZERLAND,CH,"57,864,635"
2016,7,SYRIAN ARAB REPUBLIC,SY,"1,269,814"
2016,7,TAIWAN,TW,"422,585,531"
2016,7,TAJIKISTAN,TJ,"80,181"
2016,7,THAILAND,TH,"886,066,947"
2016,7,TIMOR LESTE,TL,"888,712"
2016,7,TOGO,TG,"5,030,156"
2016,7,TONGA,TO,"151,516"
2016,7,TRINIDAD AND TOBAGO,TT,"2,278,670"
2016,7,TUNISIA,TN,"9,114,942"
2016,7,TURKEY,TR,"131,115,522"
2016,7,TURKMENISTAN,TM,"3,574,031"
2016,7,TURKS AND CAICOS ISLANDS,TC,"11,362"
2016,7,TUVALU,TV,"70,730"
2016,7,UGANDA,UG,"796,792"
2016,7,UKRAINE,UA,"12,694,240"
2016,7,UNION OF MYANMAR,MM,"69,727,136"
2016,7,UNITED ARAB EMIRATES,AE,"206,801,329"
2016,7,UNITED KINGDOM,GB,"165,309,853"
2016,7,UNITED REP. OF TANZANIA,TZ,"30,108,171"
2016,7,UNITED STATES OF AMERICA,US,"1,579,688,796"
2016,7,UNITED STATES VIRGIN ISLANDS,VI,0
2016,7,URUGUAY,UY,"1,936,498"
2016,7,UZBEKISTAN,UZ,"4,109,535"
2016,7,VANUATU,VU,"228,418"
2016,7,VATICAN CITY STATE (HOLYSEE),VA,"1,489"
2016,7,VENEZUELA,VE,"999,323"
2016,7,WALLIS AND FUTUNA ISLANDS,WF,"13,876"
2016,7,WESTERN SAMOA,WS,"262,649"
2016,7,ZAMBIA,ZM,"80,729"
2016,7,ZIMBABWE,ZW,"558,709"
2016,8,AFGHANISTAN,AF,"6,530,680"
2016,8,ALBANIA,AL,"164,572"
2016,8,ALGERIA,DZ,"8,715,326"
2016,8,AMERICAN SAMOA,AS,"147,895"
2016,8,ANGOLA,AO,"12,198,696"
2016,8,ANTIGUA & BARBUDA,AG,"170,428"
2016,8,ARGENTINA,AR,"15,944,530"
2016,8,ARMENIA,AM,"43,158"
2016,8,ARUBA,AW,"159,482"
2016,8,AUSTRALIA,AU,"484,802,409"
2016,8,AUSTRIA,AT,"9,157,175"
2016,8,AZERBAIJAN,AZ,"528,979"
2016,8,BAHAMAS,BS,"782,900"
2016,8,BAHRAIN,BH,"5,285,029"
2016,8,BANGLADESH,BD,"100,416,784"
2016,8,BARBADOS,BB,"109,813"
2016,8,BELARUS,BY,"105,687"
2016,8,BELGIUM,BE,"90,962,152"
2016,8,BELIZE,BZ,"173,604"
2016,8,BENIN,BJ,"18,431,794"
2016,8,BERMUDA,BM,"5,662"
2016,8,BHUTAN,BT,"55,420"
2016,8,BOLIVIA,BO,"972,901"
2016,8,BOSNIA - HERZEGOVINA,BA,"74,650"
2016,8,BOTSWANA,BW,"256,238"
2016,8,BRAZIL,BR,"51,651,067"
2016,8,BRITISH VIRGIN ISLANDS,VG,0
2016,8,BRUNEI DARUSSALAM,BN,"45,974,381"
2016,8,BULGARIA,BG,"5,525,175"
2016,8,BURKINA FASO,BF,"263,824"
2016,8,CAMBODIA,KH,"21,154,656"
2016,8,CAMEROON,CM,"6,486,389"
2016,8,CANADA,CA,"69,654,530"
2016,8,CAYMAN ISLANDS,KY,"3,327"
2016,8,CENTRAL AFRICAN REPUBLIC,CF,"259,027"
2016,8,CHAD,TD,"6,687"
2016,8,CHILE,CL,"13,820,213"
2016,8,CHRISTMAS ISLAND (IND.OCEAN),CX,"8,189"
2016,8,COLOMBIA,CO,"15,206,949"
2016,8,COMOROS,KM,"936,471"
2016,8,CONGO,CG,"5,569,705"
2016,8,"CONGO, THE DEMOCRATIC REPUBLIC (ZAIRE)",CD,"2,316,525"
2016,8,COOK ISLANDS,CK,"7,790"
2016,8,COSTA RICA,CR,"3,231,402"
2016,8,COTE D'IVOIRE,CI,"5,533,513"
2016,8,CROATIA,HR,"1,489,613"
2016,8,CUBA,CU,"2,226,436"
2016,8,CURACAO,CW,"84,516"
2016,8,CYPRUS,CY,"570,362"
2016,8,CZECH REPUBLIC,CZ,"30,676,086"
2016,8,DEM. PEOPLE'S REP. OF KOREA,KP,"77,275"
2016,8,DENMARK,DK,"15,005,448"
2016,8,DJIBOUTI,DJ,"8,302,571"
2016,8,DOMINICA,DM,"421,334"
2016,8,DOMINICAN REPUBLIC,DO,"3,184,463"
2016,8,ECUADOR,EC,"1,893,231"
2016,8,EGYPT,EG,"36,953,433"
2016,8,EL SALVADOR,SV,"1,070,147"
2016,8,EQUATORIAL GUINEA,GQ,"824,879"
2016,8,ERITREA,ER,"901,496"
2016,8,ESTONIA,EE,"2,696,546"
2016,8,ETHIOPIA,ET,"12,097,475"
2016,8,FALKLAND ISLAND (MALVINAS),FK,0
2016,8,FED. STATES OF MICRONESIA,FM,"52,663"
2016,8,FEDERAL REPUBLIC OF GERMANY,DE,"469,492,205"
2016,8,FIJI,FJ,"6,019,049"
2016,8,FINLAND,FI,"9,726,075"
2016,8,FRANCE,FR,"117,261,559"
2016,8,FRENCH GUIANA,GF,"51,968"
2016,8,FRENCH POLYNESIA,PF,"357,803"
2016,8,GABON,GA,"2,420,666"
2016,8,GAMBIA,GM,"4,482,114"
2016,8,GEORGIA,GE,"691,537"
2016,8,GHANA,GH,"18,521,626"
2016,8,GREECE,GR,"5,465,095"
2016,8,GRENADA,GD,"858,711"
2016,8,GUADELOUPE,GP,"81,976"
2016,8,GUAM,GU,"264,089"
2016,8,GUATEMALA,GT,"3,468,772"
2016,8,GUINEA,GN,"6,372,644"
2016,8,GUINEA-BISSAU,GW,"310,000"
2016,8,GUYANA,GY,"436,792"
2016,8,HAITI,HT,"1,566,510"
2016,8,HONDURAS,HN,"1,320,552"
2016,8,HONG KONG,HK,"769,820,476"
2016,8,HUNGARY,HU,"24,234,796"
2016,8,ICELAND,IS,"95,290"
2016,8,INDIA,IN,"812,753,434"
2016,8,IRAQ,IQ,"9,512,272"
2016,8,IRELAND,IE,"11,420,639"
2016,8,ISLAMIC REP. OF IRAN,IR,"46,251,680"
2016,8,ITALY,IT,"109,107,819"
2016,8,JAMAICA,JM,"1,989,740"
2016,8,JAPAN,JP,"1,296,804,438"
2016,8,JORDAN,JO,"8,910,852"
2016,8,KAZAKHSTAN,KZ,"4,568,122"
2016,8,KENYA,KE,"18,415,241"
2016,8,KIRIBATI,KI,"93,620"
2016,8,KUWAIT,KW,"10,465,273"
2016,8,KYRGYZSTAN,KG,"202,852"
2016,8,LATVIA,LV,"8,833,718"
2016,8,LEBANON,LB,"4,926,931"
2016,8,LIBERIA,LR,"5,753,475"
2016,8,LIBYAN ARAB JAMAHIRIYA,LY,"604,663"
2016,8,LIECHTENSTEIN,LI,0
2016,8,LITHUANIA,LT,"1,329,736"
2016,8,LUXEMBOURG,LU,"801,891"
2016,8,MACAU,MO,"2,569,699"
2016,8,MACEDONIA,MK,"15,381"
2016,8,MADAGASCAR,MG,"9,668,107"
2016,8,MALAWI,MW,"4,592,537"
2016,8,"MALAYSIA, PENINSULAR",MY,0
2016,8,MALDIVES,MV,"10,536,370"
2016,8,MALI,ML,"105,378"
2016,8,MALTA,MT,"1,820,552"
2016,8,MARSHALL ISLANDS,MH,"131,702"
2016,8,MARTINIQUE,MQ,"192,194"
2016,8,MAURITANIA,MR,"5,963,153"
2016,8,MAURITIUS,MU,"7,717,168"
2016,8,MAYOTTE,YT,"382,423"
2016,8,MEXICO,MX,"176,988,330"
2016,8,MONACO,MC,"100,639"
2016,8,MONTENEGRO,ME,"91,283"
2016,8,MOROCCO,MA,"5,811,252"
2016,8,MOZAMBIQUE,MZ,"15,612,551"
2016,8,NAMIBIA,NA,"334,900"
2016,8,NAURU,NR,"16,612"
2016,8,NEPAL,NP,"1,587,916"
2016,8,NETHERLANDS,NL,"465,562,120"
2016,8,NEW CALEDONIA,NC,"649,204"
2016,8,NEW ZEALAND,NZ,"51,811,164"
2016,8,NICARAGUA,NI,"250,380"
2016,8,NIGER,NE,"8,497"
2016,8,NIGERIA,NG,"83,832,594"
2016,8,NORTHERN MARIANA ISLANDS,MP,"56,164"
2016,8,NORWAY,NO,"4,889,469"
2016,8,OMAN,OM,"20,683,453"
2016,8,"OTHER COUNTRIES, NES.",ZZ,"1,337,674"
2016,8,PAKISTAN,PK,"105,877,480"
2016,8,PALAU,PW,"14,381"
2016,8,PALESTINE,PS,0
2016,8,PANAMA,PA,"14,172,436"
2016,8,PAPUA NEW GUINEA,PG,"43,662,764"
2016,8,PARAGUAY,PY,"551,302"
2016,8,PEOPLE'S DEM. REP. LAO,LA,"1,483,606"
2016,8,PEOPLE'S REP. OF MONGOLIA,MN,"1,348,926"
2016,8,PEOPLE'S REPUBLIC OF CHINA,CN,"2,314,953,088"
2016,8,PERU,PE,"13,001,292"
2016,8,PHILIPPINES,PH,"305,722,969"
2016,8,POLAND,PL,"31,281,099"
2016,8,PORTUGAL,PT,"4,835,891"
2016,8,PUERTO RICO,PR,"1,679,579"
2016,8,QATAR,QA,"11,469,601"
2016,8,REPUBLIC OF INDONESIA,ID,"619,943,546"
2016,8,REPUBLIC OF KOREA,KR,"396,071,475"
2016,8,REPUBLIC OF MOLDOVA,MD,"17,478"
2016,8,REPUBLIC OF SINGAPORE,SG,"2,486,442,274"
2016,8,REPUBLIC OF SOUTH AFRICA,ZA,"66,679,009"
2016,8,REPUBLIC OF SRI LANKA,LK,"41,106,246"
2016,8,REPUBLIC OF YEMEN,YE,"9,551,106"
2016,8,REUNION ISLANDS,RE,"1,223,116"
2016,8,ROMANIA,RO,"9,773,093"
2016,8,RUSSIAN FEDERATION,RU,"50,691,867"
2016,8,RWANDA,RW,"92,670"
2016,8,SAINT KITTS & NEVIS,KN,"34,274"
2016,8,SAINT LUCIA,LC,"53,317"
2016,8,SAINT VINCENT/GRENADINES,VC,"123,689"
2016,8,SAUDI ARABIA,SA,"73,629,571"
2016,8,SENEGAL,SN,"5,475,179"
2016,8,SERBIA,RS,"295,459"
2016,8,SEYCHELLES,SC,"854,622"
2016,8,SIERRA LEONE,SL,"408,117"
2016,8,SLOVAKIA,SK,"5,431,140"
2016,8,SLOVENIA,SI,"29,825,440"
2016,8,SOCIALIST REP. OF VIET NAM,VN,"476,756,150"
2016,8,SOLOMON ISLANDS,SB,"1,981,519"
2016,8,SOMALIA,SO,"6,353,241"
2016,8,SPAIN,ES,"40,707,689"
2016,8,SUDAN,SD,"4,192,646"
2016,8,SURINAME,SR,"753,017"
2016,8,SWAZILAND,SZ,"91,337"
2016,8,SWEDEN,SE,"40,117,694"
2016,8,SWITZERLAND,CH,"69,081,331"
2016,8,SYRIAN ARAB REPUBLIC,SY,"1,929,182"
2016,8,TAIWAN,TW,"394,142,042"
2016,8,TAJIKISTAN,TJ,"132,904"
2016,8,THAILAND,TH,"923,190,664"
2016,8,TIMOR LESTE,TL,"659,173"
2016,8,TOGO,TG,"3,035,046"
2016,8,TONGA,TO,"255,243"
2016,8,TRINIDAD AND TOBAGO,TT,"2,366,172"
2016,8,TUNISIA,TN,"5,258,875"
2016,8,TURKEY,TR,"121,910,869"
2016,8,TURKMENISTAN,TM,"1,247,176"
2016,8,TURKS AND CAICOS ISLANDS,TC,"4,065"
2016,8,TUVALU,TV,"33,243"
2016,8,UGANDA,UG,"432,672"
2016,8,UKRAINE,UA,"8,206,225"
2016,8,UNION OF MYANMAR,MM,"94,358,626"
2016,8,UNITED ARAB EMIRATES,AE,"247,388,148"
2016,8,UNITED KINGDOM,GB,"169,409,528"
2016,8,UNITED REP. OF TANZANIA,TZ,"16,397,107"
2016,8,UNITED STATES OF AMERICA,US,"1,723,973,957"
2016,8,URUGUAY,UY,"2,056,020"
2016,8,UZBEKISTAN,UZ,"3,611,811"
2016,8,VANUATU,VU,"251,261"
2016,8,VATICAN CITY STATE (HOLYSEE),VA,"11,526"
2016,8,VENEZUELA,VE,"1,167,636"
2016,8,WALLIS AND FUTUNA ISLANDS,WF,"11,352"
2016,8,WESTERN SAMOA,WS,"532,945"
2016,8,ZAMBIA,ZM,"244,499"
2016,8,ZIMBABWE,ZW,"2,146,467"
2016,9,AFGHANISTAN,AF,"6,301,714"
2016,9,ALBANIA,AL,"386,576"
2016,9,ALGERIA,DZ,"9,207,696"
2016,9,AMERICAN SAMOA,AS,"200,572"
2016,9,ANGOLA,AO,"14,236,229"
2016,9,ANTIGUA & BARBUDA,AG,"38,470"
2016,9,ARGENTINA,AR,"30,757,473"
2016,9,ARMENIA,AM,"20,598"
2016,9,ARUBA,AW,"15,971"
2016,9,AUSTRALIA,AU,"500,707,629"
2016,9,AUSTRIA,AT,"8,023,374"
2016,9,AZERBAIJAN,AZ,"664,340"
2016,9,BAHAMAS,BS,"479,298"
2016,9,BAHRAIN,BH,"4,645,118"
2016,9,BANGLADESH,BD,"103,186,389"
2016,9,BARBADOS,BB,"166,215"
2016,9,BELARUS,BY,"257,129"
2016,9,BELGIUM,BE,"87,476,583"
2016,9,BELIZE,BZ,"442,646"
2016,9,BENIN,BJ,"19,043,165"
2016,9,BERMUDA,BM,"4,583"
2016,9,BHUTAN,BT,"40,573"
2016,9,BOLIVIA,BO,"756,479"
2016,9,BOSNIA - HERZEGOVINA,BA,"82,709"
2016,9,BOTSWANA,BW,"243,229"
2016,9,BRAZIL,BR,"66,147,498"
2016,9,BRITISH VIRGIN ISLANDS,VG,"3,768,384"
2016,9,BRUNEI DARUSSALAM,BN,"43,790,256"
2016,9,BULGARIA,BG,"4,554,578"
2016,9,BURKINA FASO,BF,"221,058"
2016,9,CAMBODIA,KH,"23,112,147"
2016,9,CAMEROON,CM,"5,487,977"
2016,9,CANADA,CA,"61,756,585"
2016,9,CAPE VERDE,CV,"79,324"
2016,9,CAYMAN ISLANDS,KY,"1,026"
2016,9,CENTRAL AFRICAN REPUBLIC,CF,"14,091"
2016,9,CHILE,CL,"15,196,014"
2016,9,CHRISTMAS ISLAND (IND.OCEAN),CX,"9,171"
2016,9,COLOMBIA,CO,"9,001,426"
2016,9,COMOROS,KM,"160,887"
2016,9,CONGO,CG,"2,799,174"
2016,9,"CONGO, THE DEMOCRATIC REPUBLIC (ZAIRE)",CD,"824,403"
2016,9,COOK ISLANDS,CK,"24,399"
2016,9,COSTA RICA,CR,"2,414,886"
2016,9,COTE D'IVOIRE,CI,"4,085,217"
2016,9,CROATIA,HR,"1,122,601"
2016,9,CUBA,CU,"892,337"
2016,9,CURACAO,CW,"108,869"
2016,9,CYPRUS,CY,"1,012,837"
2016,9,CZECH REPUBLIC,CZ,"27,463,947"
2016,9,DEM. PEOPLE'S REP. OF KOREA,KP,"14,218"
2016,9,DENMARK,DK,"9,643,997"
2016,9,DJIBOUTI,DJ,"8,531,953"
2016,9,DOMINICA,DM,"15,410"
2016,9,DOMINICAN REPUBLIC,DO,"2,862,587"
2016,9,ECUADOR,EC,"1,436,872"
2016,9,EGYPT,EG,"43,861,899"
2016,9,EL SALVADOR,SV,"1,878,718"
2016,9,EQUATORIAL GUINEA,GQ,"664,323"
2016,9,ERITREA,ER,"1,530,135"
2016,9,ESTONIA,EE,"3,104,826"
2016,9,ETHIOPIA,ET,"9,018,780"
2016,9,FED. STATES OF MICRONESIA,FM,"10,194"
2016,9,FEDERAL REPUBLIC OF GERMANY,DE,"458,931,313"
2016,9,FIJI,FJ,"4,741,009"
2016,9,FINLAND,FI,"7,236,535"
2016,9,FRANCE,FR,"128,147,727"
2016,9,FRENCH GUIANA,GF,"111,514"
2016,9,FRENCH POLYNESIA,PF,"455,218"
2016,9,GABON,GA,"1,539,264"
2016,9,GAMBIA,GM,"3,138,784"
2016,9,GEORGIA,GE,"808,073"
2016,9,GHANA,GH,"10,581,400"
2016,9,GIBRALTAR,GI,"15,030"
2016,9,GREECE,GR,"5,946,200"
2016,9,GREENLAND,GL,0
2016,9,GRENADA,GD,"730,875"
2016,9,GUADELOUPE,GP,"114,039"
2016,9,GUAM,GU,"253,415"
2016,9,GUATEMALA,GT,"1,896,738"
2016,9,GUINEA,GN,"3,211,268"
2016,9,GUINEA-BISSAU,GW,"903,117"
2016,9,GUYANA,GY,"345,026"
2016,9,HAITI,HT,"886,521"
2016,9,HONDURAS,HN,"951,621"
2016,9,HONG KONG,HK,"790,599,438"
2016,9,HUNGARY,HU,"23,730,047"
2016,9,ICELAND,IS,"136,427"
2016,9,INDIA,IN,"685,141,120"
2016,9,IRAQ,IQ,"7,572,660"
2016,9,IRELAND,IE,"8,974,500"
2016,9,ISLAMIC REP. OF IRAN,IR,"58,991,477"
2016,9,ITALY,IT,"84,589,333"
2016,9,JAMAICA,JM,"2,196,805"
2016,9,JAPAN,JP,"1,328,609,643"
2016,9,JORDAN,JO,"6,517,052"
2016,9,KAZAKHSTAN,KZ,"2,717,548"
2016,9,KENYA,KE,"8,914,663"
2016,9,KIRIBATI,KI,"203,564"
2016,9,KUWAIT,KW,"10,143,898"
2016,9,KYRGYZSTAN,KG,"192,617"
2016,9,LATVIA,LV,"3,115,348"
2016,9,LEBANON,LB,"4,687,423"
2016,9,LIBERIA,LR,"844,516"
2016,9,LIBYAN ARAB JAMAHIRIYA,LY,"711,843"
2016,9,LIECHTENSTEIN,LI,"66,843"
2016,9,LITHUANIA,LT,"3,440,693"
2016,9,LUXEMBOURG,LU,"730,241"
2016,9,MACAU,MO,"2,481,029"
2016,9,MACEDONIA,MK,"17,113"
2016,9,MADAGASCAR,MG,"8,069,301"
2016,9,MALAWI,MW,"3,304,030"
2016,9,"MALAYSIA, PENINSULAR",MY,0
2016,9,MALDIVES,MV,"8,174,843"
2016,9,MALI,ML,"26,713"
2016,9,MALTA,MT,"1,947,362"
2016,9,MARSHALL ISLANDS,MH,"87,654"
2016,9,MARTINIQUE,MQ,"56,365"
2016,9,MAURITANIA,MR,"3,317,832"
2016,9,MAURITIUS,MU,"7,284,795"
2016,9,MAYOTTE,YT,"104,763"
2016,9,MEXICO,MX,"148,426,212"
2016,9,MONACO,MC,"76,069"
2016,9,MONTENEGRO,ME,"31,446"
2016,9,MOROCCO,MA,"7,867,031"
2016,9,MOZAMBIQUE,MZ,"17,651,181"
2016,9,NAMIBIA,NA,"634,898"
2016,9,NEPAL,NP,"1,572,356"
2016,9,NETHERLANDS,NL,"465,155,554"
2016,9,NEW CALEDONIA,NC,"973,446"
2016,9,NEW ZEALAND,NZ,"48,576,558"
2016,9,NICARAGUA,NI,"498,093"
2016,9,NIGER,NE,"8,163"
2016,9,NIGERIA,NG,"27,099,103"
2016,9,NORTHERN MARIANA ISLANDS,MP,"112,968"
2016,9,NORWAY,NO,"11,611,833"
2016,9,OMAN,OM,"20,873,942"
2016,9,"OTHER COUNTRIES, NES.",ZZ,"1,555,504"
2016,9,PAKISTAN,PK,"84,856,643"
2016,9,PALAU,PW,"42,286"
2016,9,PALESTINE,PS,0
2016,9,PANAMA,PA,"11,015,413"
2016,9,PAPUA NEW GUINEA,PG,"22,566,013"
2016,9,PARAGUAY,PY,"300,895"
2016,9,PEOPLE'S DEM. REP. LAO,LA,"1,675,400"
2016,9,PEOPLE'S REP. OF MONGOLIA,MN,"1,207,353"
2016,9,PEOPLE'S REPUBLIC OF CHINA,CN,"2,182,442,511"
2016,9,PERU,PE,"30,787,587"
2016,9,PHILIPPINES,PH,"300,689,343"
2016,9,POLAND,PL,"26,217,014"
2016,9,PORTUGAL,PT,"5,820,319"
2016,9,PUERTO RICO,PR,"3,091,037"
2016,9,QATAR,QA,"13,760,662"
2016,9,REPUBLIC OF INDONESIA,ID,"549,902,350"
2016,9,REPUBLIC OF KOREA,KR,"423,055,205"
2016,9,REPUBLIC OF MOLDOVA,MD,"78,521"
2016,9,REPUBLIC OF SINGAPORE,SG,"2,533,374,249"
2016,9,REPUBLIC OF SOUTH AFRICA,ZA,"82,597,593"
2016,9,REPUBLIC OF SRI LANKA,LK,"37,464,128"
2016,9,REPUBLIC OF YEMEN,YE,"9,087,673"
2016,9,REUNION ISLANDS,RE,"2,079,826"
2016,9,ROMANIA,RO,"7,202,396"
2016,9,RUSSIAN FEDERATION,RU,"58,126,575"
2016,9,RWANDA,RW,"238,705"
2016,9,SAINT KITTS & NEVIS,KN,829
2016,9,SAINT VINCENT/GRENADINES,VC,"59,411"
2016,9,SAUDI ARABIA,SA,"66,895,201"
2016,9,SENEGAL,SN,"4,679,143"
2016,9,SERBIA,RS,"277,443"
2016,9,SEYCHELLES,SC,"850,271"
2016,9,SIERRA LEONE,SL,"696,181"
2016,9,SLOVAKIA,SK,"6,780,224"
2016,9,SLOVENIA,SI,"24,829,570"
2016,9,SOCIALIST REP. OF VIET NAM,VN,"497,291,271"
2016,9,SOLOMON ISLANDS,SB,"2,018,819"
2016,9,SOMALIA,SO,"4,369,005"
2016,9,SPAIN,ES,"45,931,154"
2016,9,SUDAN,SD,"2,839,828"
2016,9,SURINAME,SR,"243,712"
2016,9,SVALBARD AND JAN MAYEN ISL.,SJ,"18,016"
2016,9,SW,SW,0
2016,9,SWAZILAND,SZ,"65,102"
2016,9,SWEDEN,SE,"27,852,926"
2016,9,SWITZERLAND,CH,"68,837,988"
2016,9,SYRIAN ARAB REPUBLIC,SY,"2,406,105"
2016,9,TAIWAN,TW,"553,651,415"
2016,9,TAJIKISTAN,TJ,"93,543"
2016,9,THAILAND,TH,"879,988,788"
2016,9,TIMOR LESTE,TL,"702,943"
2016,9,TOGO,TG,"2,037,110"
2016,9,TONGA,TO,"92,484"
2016,9,TRINIDAD AND TOBAGO,TT,"2,054,647"
2016,9,TUNISIA,TN,"4,928,853"
2016,9,TURKEY,TR,"169,251,998"
2016,9,TURKMENISTAN,TM,"4,702,663"
2016,9,TUVALU,TV,"240,214"
2016,9,U.S. MINOR OUTLYING ISLANDS,UM,"64,433"
2016,9,UGANDA,UG,"972,723"
2016,9,UKRAINE,UA,"7,923,820"
2016,9,UNION OF MYANMAR,MM,"70,150,786"
2016,9,UNITED ARAB EMIRATES,AE,"230,009,528"
2016,9,UNITED KINGDOM,GB,"195,275,640"
2016,9,UNITED REP. OF TANZANIA,TZ,"33,097,262"
2016,9,UNITED STATES OF AMERICA,US,"1,687,282,513"
2016,9,URUGUAY,UY,"2,533,516"
2016,9,UZBEKISTAN,UZ,"5,704,958"
2016,9,VANUATU,VU,"265,476"
2016,9,VATICAN CITY STATE (HOLYSEE),VA,"45,185"
2016,9,VENEZUELA,VE,"546,061"
2016,9,WALLIS AND FUTUNA ISLANDS,WF,"6,065"
2016,9,WESTERN SAMOA,WS,"518,504"
2016,9,ZAMBIA,ZM,"274,152"
2016,9,ZIMBABWE,ZW,"2,163,417"
2016,10,AFGHANISTAN,AF,"12,200,765"
2016,10,ALBANIA,AL,"205,456"
2016,10,ALGERIA,DZ,"7,110,110"
2016,10,AMERICAN SAMOA,AS,"6,917,654"
2016,10,ANGOLA,AO,"15,464,287"
2016,10,ANTIGUA & BARBUDA,AG,"63,446"
2016,10,ARGENTINA,AR,"9,505,127"
2016,10,ARMENIA,AM,"401,080"
2016,10,ARUBA,AW,"2,640"
2016,10,AUSTRALIA,AU,"509,457,983"
2016,10,AUSTRIA,AT,"9,252,119"
2016,10,AZERBAIJAN,AZ,"663,182"
2016,10,BAHAMAS,BS,"530,354"
2016,10,BAHRAIN,BH,"4,727,863"
2016,10,BANGLADESH,BD,"110,885,604"
2016,10,BARBADOS,BB,"129,302"
2016,10,BELARUS,BY,"325,561"
2016,10,BELGIUM,BE,"93,317,896"
2016,10,BELIZE,BZ,"174,389"
2016,10,BENIN,BJ,"32,079,795"
2016,10,BERMUDA,BM,"85,183"
2016,10,BHUTAN,BT,"238,145"
2016,10,BOLIVIA,BO,"629,173"
2016,10,BOSNIA - HERZEGOVINA,BA,"30,863"
2016,10,BOTSWANA,BW,"196,214"
2016,10,BRAZIL,BR,"61,235,883"
2016,10,BRITISH VIRGIN ISLANDS,VG,0
2016,10,BRUNEI DARUSSALAM,BN,"37,283,795"
2016,10,BULGARIA,BG,"6,743,855"
2016,10,BURKINA FASO,BF,"121,095"
2016,10,CAMBODIA,KH,"24,504,703"
2016,10,CAMEROON,CM,"2,111,880"
2016,10,CANADA,CA,"56,499,706"
2016,10,CAPE VERDE,CV,"367,519"
2016,10,CAYMAN ISLANDS,KY,910
2016,10,CENTRAL AFRICAN REPUBLIC,CF,"1,803,707"
2016,10,CHAD,TD,"1,003"
2016,10,CHILE,CL,"13,173,643"
2016,10,CHRISTMAS ISLAND (IND.OCEAN),CX,"128,401"
2016,10,COLOMBIA,CO,"7,598,095"
2016,10,COMOROS,KM,"158,025"
2016,10,CONGO,CG,"3,248,769"
2016,10,"CONGO, THE DEMOCRATIC REPUBLIC (ZAIRE)",CD,"777,883"
2016,10,COOK ISLANDS,CK,"12,185"
2016,10,COSTA RICA,CR,"2,532,116"
2016,10,COTE D'IVOIRE,CI,"7,621,651"
2016,10,CROATIA,HR,"1,132,128"
2016,10,CUBA,CU,"370,009"
2016,10,CURACAO,CW,"36,284"
2016,10,CYPRUS,CY,"613,178"
2016,10,CZECH REPUBLIC,CZ,"32,368,194"
2016,10,DEM. PEOPLE'S REP. OF KOREA,KP,"5,836"
2016,10,DENMARK,DK,"12,391,024"
2016,10,DJIBOUTI,DJ,"6,987,330"
2016,10,DOMINICA,DM,"13,733"
2016,10,DOMINICAN REPUBLIC,DO,"3,374,533"
2016,10,ECUADOR,EC,"2,037,407"
2016,10,EGYPT,EG,"39,479,546"
2016,10,EL SALVADOR,SV,"1,669,959"
2016,10,EQUATORIAL GUINEA,GQ,"1,286,785"
2016,10,ERITREA,ER,"622,643"
2016,10,ESTONIA,EE,"2,292,430"
2016,10,ETHIOPIA,ET,"7,880,262"
2016,10,FED. STATES OF MICRONESIA,FM,"7,534"
2016,10,FEDERAL REPUBLIC OF GERMANY,DE,"492,749,702"
2016,10,FIJI,FJ,"6,398,398"
2016,10,FINLAND,FI,"8,888,886"
2016,10,FRANCE,FR,"108,732,520"
2016,10,FRENCH GUIANA,GF,"117,606"
2016,10,FRENCH POLYNESIA,PF,"8,217,608"
2016,10,GABON,GA,"2,250,915"
2016,10,GAMBIA,GM,"1,894,966"
2016,10,GEORGIA,GE,"1,593,276"
2016,10,GHANA,GH,"26,708,734"
2016,10,GIBRALTAR,GI,"1,596"
2016,10,GREECE,GR,"6,016,303"
2016,10,GREENLAND,GL,0
2016,10,GRENADA,GD,"350,793"
2016,10,GUADELOUPE,GP,"169,942"
2016,10,GUAM,GU,"286,618"
2016,10,GUATEMALA,GT,"5,036,328"
2016,10,GUINEA,GN,"4,746,717"
2016,10,GUINEA-BISSAU,GW,"314,062"
2016,10,GUYANA,GY,"454,243"
2016,10,HAITI,HT,"1,663,402"
2016,10,HONDURAS,HN,"869,908"
2016,10,HONG KONG,HK,"796,052,568"
2016,10,HUNGARY,HU,"21,517,865"
2016,10,ICELAND,IS,"105,340"
2016,10,INDIA,IN,"657,384,809"
2016,10,IRAQ,IQ,"11,750,957"
2016,10,IRELAND,IE,"10,400,642"
2016,10,ISLAMIC REP. OF IRAN,IR,"34,179,226"
2016,10,ITALY,IT,"73,696,686"
2016,10,JAMAICA,JM,"1,755,075"
2016,10,JAPAN,JP,"1,179,542,226"
2016,10,JORDAN,JO,"8,609,536"
2016,10,KAZAKHSTAN,KZ,"2,767,669"
2016,10,KENYA,KE,"10,893,742"
2016,10,KIRIBATI,KI,"13,268"
2016,10,KUWAIT,KW,"13,489,622"
2016,10,KYRGYZSTAN,KG,"279,983"
2016,10,LATVIA,LV,"12,739,005"
2016,10,LEBANON,LB,"6,041,985"
2016,10,LIBERIA,LR,"2,008,462"
2016,10,LIBYAN ARAB JAMAHIRIYA,LY,"829,595"
2016,10,LIECHTENSTEIN,LI,"16,131"
2016,10,LITHUANIA,LT,"2,221,413"
2016,10,LUXEMBOURG,LU,"761,462"
2016,10,MACAU,MO,"2,457,311"
2016,10,MACEDONIA,MK,277
2016,10,MADAGASCAR,MG,"5,046,647"
2016,10,MALAWI,MW,"6,123,843"
2016,10,"MALAYSIA, PENINSULAR",MY,0
2016,10,MALDIVES,MV,"10,236,021"
2016,10,MALI,ML,"53,621"
2016,10,MALTA,MT,"1,893,836"
2016,10,MARSHALL ISLANDS,MH,"168,244"
2016,10,MARTINIQUE,MQ,"84,094"
2016,10,MAURITANIA,MR,"3,572,754"
2016,10,MAURITIUS,MU,"9,169,654"
2016,10,MAYOTTE,YT,"504,810"
2016,10,MEXICO,MX,"169,069,882"
2016,10,MONACO,MC,"23,401"
2016,10,MONTENEGRO,ME,"42,691"
2016,10,MOROCCO,MA,"5,637,467"
2016,10,MOZAMBIQUE,MZ,"2,187,249"
2016,10,NAMIBIA,NA,"264,015"
2016,10,NAURU,NR,"65,546"
2016,10,NEPAL,NP,"2,720,477"
2016,10,NETHERLANDS,NL,"513,030,074"
2016,10,NEW CALEDONIA,NC,"2,792,079"
2016,10,NEW ZEALAND,NZ,"118,969,858"
2016,10,NICARAGUA,NI,"790,104"
2016,10,NIGER,NE,"5,887"
2016,10,NIGERIA,NG,"49,351,364"
2016,10,NORTHERN MARIANA ISLANDS,MP,"100,662"
2016,10,NORWAY,NO,"3,844,016"
2016,10,OMAN,OM,"15,555,902"
2016,10,"OTHER COUNTRIES, NES.",ZZ,"1,074,324"
2016,10,PAKISTAN,PK,"112,471,668"
2016,10,PALAU,PW,"5,225"
2016,10,PALESTINE,PS,"76,443"
2016,10,PANAMA,PA,"9,379,018"
2016,10,PAPUA NEW GUINEA,PG,"30,678,790"
2016,10,PARAGUAY,PY,"444,309"
2016,10,PEOPLE'S DEM. REP. LAO,LA,"1,146,419"
2016,10,PEOPLE'S REP. OF MONGOLIA,MN,"1,885,181"
2016,10,PEOPLE'S REPUBLIC OF CHINA,CN,"2,275,180,139"
2016,10,PERU,PE,"9,177,662"
2016,10,PHILIPPINES,PH,"291,001,266"
2016,10,POLAND,PL,"24,777,994"
2016,10,PORTUGAL,PT,"5,310,306"
2016,10,PUERTO RICO,PR,"1,500,123"
2016,10,QATAR,QA,"14,062,246"
2016,10,REPUBLIC OF INDONESIA,ID,"636,659,157"
2016,10,REPUBLIC OF KOREA,KR,"517,931,293"
2016,10,REPUBLIC OF MOLDOVA,MD,524
2016,10,REPUBLIC OF SINGAPORE,SG,"2,323,560,095"
2016,10,REPUBLIC OF SOUTH AFRICA,ZA,"63,236,024"
2016,10,REPUBLIC OF SRI LANKA,LK,"57,425,821"
2016,10,REPUBLIC OF YEMEN,YE,"12,915,188"
2016,10,REUNION ISLANDS,RE,"1,585,404"
2016,10,ROMANIA,RO,"7,965,447"
2016,10,RUSSIAN FEDERATION,RU,"53,961,435"
2016,10,RWANDA,RW,"49,887"
2016,10,S. GEORGIA & SANDWICH ISLANDS,GS,"37,787"
2016,10,SAINT VINCENT/GRENADINES,VC,"84,886"
2016,10,SAUDI ARABIA,SA,"66,353,346"
2016,10,SENEGAL,SN,"5,992,960"
2016,10,SERBIA,RS,"732,429"
2016,10,SEYCHELLES,SC,"1,337,330"
2016,10,SIERRA LEONE,SL,"1,034,527"
2016,10,SLOVAKIA,SK,"6,764,785"
2016,10,SLOVENIA,SI,"22,524,713"
2016,10,SOCIALIST REP. OF VIET NAM,VN,"481,681,092"
2016,10,SOLOMON ISLANDS,SB,"4,911,078"
2016,10,SOMALIA,SO,"8,483,846"
2016,10,SPAIN,ES,"36,941,362"
2016,10,SUDAN,SD,"2,895,636"
2016,10,SURINAME,SR,"265,570"
2016,10,SW,SW,0
2016,10,SWAZILAND,SZ,0
2016,10,SWEDEN,SE,"30,533,633"
2016,10,SWITZERLAND,CH,"75,480,194"
2016,10,SYRIAN ARAB REPUBLIC,SY,"3,434,343"
2016,10,TAIWAN,TW,"446,005,391"
2016,10,TAJIKISTAN,TJ,"184,292"
2016,10,THAILAND,TH,"897,003,046"
2016,10,TIMOR LESTE,TL,"714,839"
2016,10,TOGO,TG,"2,417,189"
2016,10,TONGA,TO,"75,254"
2016,10,TRINIDAD AND TOBAGO,TT,"1,588,444"
2016,10,TUNISIA,TN,"2,887,319"
2016,10,TURKEY,TR,"174,681,668"
2016,10,TURKMENISTAN,TM,"623,306"
2016,10,TURKS AND CAICOS ISLANDS,TC,"14,005"
2016,10,TUVALU,TV,"216,403"
2016,10,UGANDA,UG,"879,662"
2016,10,UKRAINE,UA,"5,941,502"
2016,10,UNION OF MYANMAR,MM,"94,711,900"
2016,10,UNITED ARAB EMIRATES,AE,"244,455,547"
2016,10,UNITED KINGDOM,GB,"181,531,965"
2016,10,UNITED REP. OF TANZANIA,TZ,"16,863,551"
2016,10,UNITED STATES OF AMERICA,US,"1,685,986,831"
2016,10,UNITED STATES VIRGIN ISLANDS,VI,"161,630"
2016,10,URUGUAY,UY,"1,739,771"
2016,10,UZBEKISTAN,UZ,"18,025,574"
2016,10,VANUATU,VU,"13,790,226"
2016,10,VENEZUELA,VE,"814,228"
2016,10,WESTERN SAMOA,WS,"430,220"
2016,10,ZAMBIA,ZM,"109,272"
2016,10,ZIMBABWE,ZW,"492,704"
2016,11,AFGHANISTAN,AF,"11,206,504"
2016,11,ALBANIA,AL,"7,465,288"
2016,11,ALGERIA,DZ,"9,029,081"
2016,11,AMERICAN SAMOA,AS,"63,369"
2016,11,ANGOLA,AO,"13,727,403"
2016,11,ANGUILLA,AI,366
2016,11,ANTIGUA & BARBUDA,AG,"25,916"
2016,11,ARGENTINA,AR,"10,401,079"
2016,11,ARMENIA,AM,"517,302"
2016,11,ARUBA,AW,"131,247"
2016,11,AUSTRALIA,AU,"624,795,028"
2016,11,AUSTRIA,AT,"9,309,668"
2016,11,AZERBAIJAN,AZ,"583,723"
2016,11,BAHAMAS,BS,"875,019"
2016,11,BAHRAIN,BH,"5,346,749"
2016,11,BANGLADESH,BD,"108,102,860"
2016,11,BARBADOS,BB,"179,906"
2016,11,BELARUS,BY,"221,446"
2016,11,BELGIUM,BE,"89,945,608"
2016,11,BELIZE,BZ,"189,438"
2016,11,BENIN,BJ,"34,046,355"
2016,11,BERMUDA,BM,"2,484"
2016,11,BHUTAN,BT,"70,814"
2016,11,BOLIVIA,BO,"469,535"
2016,11,BOSNIA - HERZEGOVINA,BA,"26,612"
2016,11,BOTSWANA,BW,"75,970"
2016,11,BRAZIL,BR,"52,909,243"
2016,11,BRITISH VIRGIN ISLANDS,VG,"61,946"
2016,11,BRUNEI DARUSSALAM,BN,"41,739,365"
2016,11,BULGARIA,BG,"4,826,400"
2016,11,BURKINA FASO,BF,"310,940"
2016,11,BURUNDI,BI,"26,384"
2016,11,CAMBODIA,KH,"18,916,578"
2016,11,CAMEROON,CM,"5,702,145"
2016,11,CANADA,CA,"58,341,178"
2016,11,CAPE VERDE,CV,"123,181"
2016,11,CAYMAN ISLANDS,KY,"24,172"
2016,11,CENTRAL AFRICAN REPUBLIC,CF,"36,042"
2016,11,CHILE,CL,"14,012,194"
2016,11,CHRISTMAS ISLAND (IND.OCEAN),CX,0
2016,11,COLOMBIA,CO,"6,396,164"
2016,11,COMOROS,KM,"780,047"
2016,11,CONGO,CG,"2,344,064"
2016,11,"CONGO, THE DEMOCRATIC REPUBLIC (ZAIRE)",CD,"5,265,790"
2016,11,COOK ISLANDS,CK,"16,354"
2016,11,COSTA RICA,CR,"5,986,225"
2016,11,COTE D'IVOIRE,CI,"6,585,375"
2016,11,CROATIA,HR,"1,667,194"
2016,11,CUBA,CU,"529,075"
2016,11,CURACAO,CW,"51,409"
2016,11,CYPRUS,CY,"4,077,708"
2016,11,CZECH REPUBLIC,CZ,"26,553,217"
2016,11,DEM. PEOPLE'S REP. OF KOREA,KP,"99,230"
2016,11,DENMARK,DK,"10,584,955"
2016,11,DJIBOUTI,DJ,"8,888,527"
2016,11,DOMINICA,DM,"35,129"
2016,11,DOMINICAN REPUBLIC,DO,"2,139,543"
2016,11,ECUADOR,EC,"1,331,725"
2016,11,EGYPT,EG,"35,454,734"
2016,11,EL SALVADOR,SV,"1,098,599"
2016,11,EQUATORIAL GUINEA,GQ,"610,178"
2016,11,ERITREA,ER,"140,415"
2016,11,ESTONIA,EE,"3,110,682"
2016,11,ETHIOPIA,ET,"12,241,159"
2016,11,FED. STATES OF MICRONESIA,FM,"46,899"
2016,11,FEDERAL REPUBLIC OF GERMANY,DE,"465,167,896"
2016,11,FIJI,FJ,"3,000,562"
2016,11,FINLAND,FI,"7,275,874"
2016,11,FRANCE,FR,"107,327,834"
2016,11,FRENCH GUIANA,GF,"31,397"
2016,11,FRENCH POLYNESIA,PF,"159,390"
2016,11,GABON,GA,"3,910,258"
2016,11,GAMBIA,GM,"1,909,662"
2016,11,GEORGIA,GE,"1,552,917"
2016,11,GHANA,GH,"17,815,416"
2016,11,GIBRALTAR,GI,"16,651"
2016,11,GREECE,GR,"4,015,144"
2016,11,GREENLAND,GL,0
2016,11,GRENADA,GD,"329,949"
2016,11,GUADELOUPE,GP,"145,770"
2016,11,GUAM,GU,"378,107"
2016,11,GUATEMALA,GT,"1,728,155"
2016,11,GUINEA,GN,"11,367,537"
2016,11,GUINEA-BISSAU,GW,"612,153"
2016,11,GUYANA,GY,"657,566"
2016,11,HAITI,HT,"1,337,170"
2016,11,HONDURAS,HN,"1,342,991"
2016,11,HONG KONG,HK,"745,520,327"
2016,11,HUNGARY,HU,"25,887,896"
2016,11,ICELAND,IS,"26,249"
2016,11,INDIA,IN,"679,758,853"
2016,11,IRAQ,IQ,"15,867,191"
2016,11,IRELAND,IE,"12,167,878"
2016,11,ISLAMIC REP. OF IRAN,IR,"47,958,714"
2016,11,ITALY,IT,"57,858,778"
2016,11,JAMAICA,JM,"2,140,749"
2016,11,JAPAN,JP,"1,411,437,243"
2016,11,JORDAN,JO,"7,403,364"
2016,11,KAZAKHSTAN,KZ,"3,464,935"
2016,11,KENYA,KE,"22,447,647"
2016,11,KIRIBATI,KI,"71,541"
2016,11,KUWAIT,KW,"15,073,473"
2016,11,KYRGYZSTAN,KG,"102,770"
2016,11,LATVIA,LV,"4,099,509"
2016,11,LEBANON,LB,"5,646,657"
2016,11,LESOTHO,LS,"128,274"
2016,11,LIBERIA,LR,"1,564,798"
2016,11,LIBYAN ARAB JAMAHIRIYA,LY,"810,947"
2016,11,LIECHTENSTEIN,LI,"18,026"
2016,11,LITHUANIA,LT,"2,028,705"
2016,11,LUXEMBOURG,LU,"1,396,351"
2016,11,MACAU,MO,"2,424,099"
2016,11,MACEDONIA,MK,"151,587"
2016,11,MADAGASCAR,MG,"6,863,045"
2016,11,MALAWI,MW,"78,661"
2016,11,"MALAYSIA, PENINSULAR",MY,0
2016,11,MALDIVES,MV,"8,780,831"
2016,11,MALI,ML,"234,563"
2016,11,MALTA,MT,"2,040,668"
2016,11,MARSHALL ISLANDS,MH,"50,955"
2016,11,MARTINIQUE,MQ,"165,971"
2016,11,MAURITANIA,MR,"6,891,730"
2016,11,MAURITIUS,MU,"8,042,478"
2016,11,MAYOTTE,YT,"362,493"
2016,11,MEXICO,MX,"151,488,349"
2016,11,MONACO,MC,"4,320"
2016,11,MONTENEGRO,ME,"65,399"
2016,11,MOROCCO,MA,"2,812,742"
2016,11,MOZAMBIQUE,MZ,"35,858,871"
2016,11,NAMIBIA,NA,"132,248"
2016,11,NEPAL,NP,"1,876,949"
2016,11,NETHERLANDS,NL,"521,075,943"
2016,11,NEW CALEDONIA,NC,"1,265,884"
2016,11,NEW ZEALAND,NZ,"92,781,339"
2016,11,NICARAGUA,NI,"379,951"
2016,11,NIGER,NE,"749,985"
2016,11,NIGERIA,NG,"40,417,152"
2016,11,NORTHERN MARIANA ISLANDS,MP,"41,216"
2016,11,NORWAY,NO,"7,749,198"
2016,11,OMAN,OM,"18,063,767"
2016,11,"OTHER COUNTRIES, NES.",ZZ,"1,160,346"
2016,11,PAKISTAN,PK,"96,753,231"
2016,11,PALAU,PW,"74,214"
2016,11,PALESTINE,PS,"19,267"
2016,11,PANAMA,PA,"10,110,263"
2016,11,PAPUA NEW GUINEA,PG,"22,373,087"
2016,11,PARAGUAY,PY,"855,246"
2016,11,PEOPLE'S DEM. REP. LAO,LA,"1,472,892"
2016,11,PEOPLE'S REP. OF MONGOLIA,MN,"1,486,457"
2016,11,PEOPLE'S REPUBLIC OF CHINA,CN,"2,523,575,921"
2016,11,PERU,PE,"8,497,953"
2016,11,PHILIPPINES,PH,"244,224,246"
2016,11,POLAND,PL,"22,962,168"
2016,11,PORTUGAL,PT,"5,038,830"
2016,11,PUERTO RICO,PR,"1,499,409"
2016,11,QATAR,QA,"11,304,694"
2016,11,REPUBLIC OF INDONESIA,ID,"579,498,660"
2016,11,REPUBLIC OF KOREA,KR,"421,720,433"
2016,11,REPUBLIC OF MOLDOVA,MD,"24,182"
2016,11,REPUBLIC OF SINGAPORE,SG,"2,413,097,382"
2016,11,REPUBLIC OF SOUTH AFRICA,ZA,"54,810,272"
2016,11,REPUBLIC OF SRI LANKA,LK,"44,057,287"
2016,11,REPUBLIC OF YEMEN,YE,"17,968,001"
2016,11,REUNION ISLANDS,RE,"1,128,252"
2016,11,ROMANIA,RO,"9,257,100"
2016,11,RUSSIAN FEDERATION,RU,"38,336,185"
2016,11,RWANDA,RW,"1,121,949"
2016,11,SAINT LUCIA,LC,"1,852"
2016,11,SAINT VINCENT/GRENADINES,VC,"82,742"
2016,11,SAO TOME AND PRINCIPE,ST,"59,841"
2016,11,SAUDI ARABIA,SA,"73,415,322"
2016,11,SENEGAL,SN,"4,545,419"
2016,11,SERBIA,RS,"478,262"
2016,11,SEYCHELLES,SC,"526,555"
2016,11,SIERRA LEONE,SL,"1,049,084"
2016,11,SLOVAKIA,SK,"6,756,868"
2016,11,SLOVENIA,SI,"18,270,346"
2016,11,SOCIALIST REP. OF VIET NAM,VN,"528,291,994"
2016,11,SOLOMON ISLANDS,SB,"4,231,046"
2016,11,SOMALIA,SO,"9,456,913"
2016,11,SPAIN,ES,"47,017,420"
2016,11,SUDAN,SD,"6,316,575"
2016,11,SURINAME,SR,"306,027"
2016,11,SW,SW,0
2016,11,SWAZILAND,SZ,"766,130"
2016,11,SWEDEN,SE,"24,666,041"
2016,11,SWITZERLAND,CH,"71,745,624"
2016,11,SYRIAN ARAB REPUBLIC,SY,"3,702,687"
2016,11,TAIWAN,TW,"448,076,983"
2016,11,TAJIKISTAN,TJ,"87,424"
2016,11,THAILAND,TH,"893,954,553"
2016,11,TIMOR LESTE,TL,"713,731"
2016,11,TOGO,TG,"28,130,833"
2016,11,TOKELAU,TK,0
2016,11,TONGA,TO,"166,808"
2016,11,TRINIDAD AND TOBAGO,TT,"1,554,321"
2016,11,TUNISIA,TN,"3,298,749"
2016,11,TURKEY,TR,"156,296,506"
2016,11,TURKMENISTAN,TM,"1,624,169"
2016,11,TUVALU,TV,"53,145"
2016,11,UGANDA,UG,"666,759"
2016,11,UKRAINE,UA,"5,286,728"
2016,11,UNION OF MYANMAR,MM,"99,123,494"
2016,11,UNITED ARAB EMIRATES,AE,"242,091,422"
2016,11,UNITED KINGDOM,GB,"177,921,048"
2016,11,UNITED REP. OF TANZANIA,TZ,"25,088,589"
2016,11,UNITED STATES OF AMERICA,US,"1,537,684,345"
2016,11,UNITED STATES VIRGIN ISLANDS,VI,"1,385"
2016,11,URUGUAY,UY,"2,588,135"
2016,11,UZBEKISTAN,UZ,"8,855,360"
2016,11,VANUATU,VU,"136,611"
2016,11,VENEZUELA,VE,"377,140"
2016,11,WESTERN SAMOA,WS,"450,056"
2016,11,ZAMBIA,ZM,"299,300"
2016,11,ZIMBABWE,ZW,"1,054,314"
2016,12,AFGHANISTAN,AF,"7,282,454"
2016,12,ALBANIA,AL,"526,938"
2016,12,ALGERIA,DZ,"14,060,570"
2016,12,AMERICAN SAMOA,AS,"43,055"
2016,12,ANDORRA,AD,"64,243"
2016,12,ANGOLA,AO,"11,722,796"
2016,12,ANGUILLA,AI,340
2016,12,ANTARTICA,AQ,"1,177"
2016,12,ANTIGUA & BARBUDA,AG,"84,744"
2016,12,ARGENTINA,AR,"9,376,036"
2016,12,ARMENIA,AM,"552,258"
2016,12,AUSTRALIA,AU,"624,719,780"
2016,12,AUSTRIA,AT,"7,685,024"
2016,12,AZERBAIJAN,AZ,"980,219"
2016,12,BAHAMAS,BS,"107,480"
2016,12,BAHRAIN,BH,"4,743,645"
2016,12,BANGLADESH,BD,"81,185,253"
2016,12,BARBADOS,BB,"193,845"
2016,12,BELARUS,BY,"184,154"
2016,12,BELGIUM,BE,"96,217,033"
2016,12,BELIZE,BZ,"107,393"
2016,12,BENIN,BJ,"22,425,390"
2016,12,BERMUDA,BM,"82,496"
2016,12,BHUTAN,BT,"128,043"
2016,12,BOLIVIA,BO,"969,953"
2016,12,BOSNIA - HERZEGOVINA,BA,"20,433"
2016,12,BOTSWANA,BW,"267,808"
2016,12,BRAZIL,BR,"69,173,840"
2016,12,BRITISH VIRGIN ISLANDS,VG,"3,740,838"
2016,12,BRUNEI DARUSSALAM,BN,"42,847,950"
2016,12,BULGARIA,BG,"5,969,641"
2016,12,BURKINA FASO,BF,"214,818"
2016,12,CAMBODIA,KH,"17,148,423"
2016,12,CAMEROON,CM,"7,541,633"
2016,12,CANADA,CA,"55,256,422"
2016,12,CAPE VERDE,CV,"62,925"
2016,12,CENTRAL AFRICAN REPUBLIC,CF,"229,114"
2016,12,CHILE,CL,"10,513,279"
2016,12,CHRISTMAS ISLAND (IND.OCEAN),CX,"9,605"
2016,12,COLOMBIA,CO,"6,466,893"
2016,12,COMOROS,KM,"480,814"
2016,12,CONGO,CG,"2,273,058"
2016,12,"CONGO, THE DEMOCRATIC REPUBLIC (ZAIRE)",CD,"1,414,041"
2016,12,COOK ISLANDS,CK,"12,980"
2016,12,COSTA RICA,CR,"4,256,294"
2016,12,COTE D'IVOIRE,CI,"5,799,820"
2016,12,CROATIA,HR,"1,660,542"
2016,12,CUBA,CU,"85,452"
2016,12,CURACAO,CW,"63,067"
2016,12,CYPRUS,CY,"587,131"
2016,12,CZECH REPUBLIC,CZ,"27,598,956"
2016,12,DEM. PEOPLE'S REP. OF KOREA,KP,"83,718"
2016,12,DENMARK,DK,"13,056,047"
2016,12,DJIBOUTI,DJ,"7,347,059"
2016,12,DOMINICA,DM,"39,105"
2016,12,DOMINICAN REPUBLIC,DO,"4,048,175"
2016,12,ECUADOR,EC,"1,440,565"
2016,12,EGYPT,EG,"56,945,898"
2016,12,EL SALVADOR,SV,"1,312,728"
2016,12,EQUATORIAL GUINEA,GQ,"1,303,791"
2016,12,ERITREA,ER,"497,273"
2016,12,ESTONIA,EE,"3,324,432"
2016,12,ETHIOPIA,ET,"12,271,685"
2016,12,FAEROE ISLANDS,FO,0
2016,12,FED. STATES OF MICRONESIA,FM,"44,343"
2016,12,FEDERAL REPUBLIC OF GERMANY,DE,"482,462,969"
2016,12,FIJI,FJ,"4,869,104"
2016,12,FINLAND,FI,"9,170,343"
2016,12,FRANCE,FR,"110,607,862"
2016,12,FRENCH POLYNESIA,PF,"454,846"
2016,12,GABON,GA,"1,885,042"
2016,12,GAMBIA,GM,"2,668,248"
2016,12,GEORGIA,GE,"955,201"
2016,12,GHANA,GH,"20,414,610"
2016,12,GIBRALTAR,GI,"38,990"
2016,12,GREECE,GR,"6,586,931"
2016,12,GREENLAND,GL,0
2016,12,GRENADA,GD,"841,191"
2016,12,GUADELOUPE,GP,"99,773"
2016,12,GUAM,GU,"167,429"
2016,12,GUATEMALA,GT,"2,376,871"
2016,12,GUINEA,GN,"1,249,031"
2016,12,GUINEA-BISSAU,GW,"168,689"
2016,12,GUYANA,GY,"558,866"
2016,12,HAITI,HT,"480,839"
2016,12,HONDURAS,HN,"1,238,636"
2016,12,HONG KONG,HK,"808,721,175"
2016,12,HUNGARY,HU,"30,574,708"
2016,12,ICELAND,IS,"132,393"
2016,12,INDIA,IN,"620,386,005"
2016,12,IRAQ,IQ,"15,966,992"
2016,12,IRELAND,IE,"13,509,021"
2016,12,ISLAMIC REP. OF IRAN,IR,"43,648,348"
2016,12,ITALY,IT,"68,059,109"
2016,12,JAMAICA,JM,"1,914,584"
2016,12,JAPAN,JP,"1,358,012,252"
2016,12,JORDAN,JO,"7,781,728"
2016,12,KAZAKHSTAN,KZ,"3,955,208"
2016,12,KENYA,KE,"10,398,046"
2016,12,KIRIBATI,KI,"141,657"
2016,12,KUWAIT,KW,"14,511,545"
2016,12,KYRGYZSTAN,KG,"295,108"
2016,12,LATVIA,LV,"14,116,689"
2016,12,LEBANON,LB,"4,677,435"
2016,12,LESOTHO,LS,"69,285"
2016,12,LIBERIA,LR,"990,673"
2016,12,LIBYAN ARAB JAMAHIRIYA,LY,"1,053,114"
2016,12,LIECHTENSTEIN,LI,"43,478"
2016,12,LITHUANIA,LT,"1,678,750"
2016,12,LUXEMBOURG,LU,"981,844"
2016,12,MACAU,MO,"2,305,047"
2016,12,MACEDONIA,MK,"10,681"
2016,12,MADAGASCAR,MG,"5,957,276"
2016,12,MALAWI,MW,"5,328,492"
2016,12,"MALAYSIA, PENINSULAR",MY,0
2016,12,MALDIVES,MV,"14,930,958"
2016,12,MALI,ML,"524,368"
2016,12,MALTA,MT,"1,773,867"
2016,12,MARSHALL ISLANDS,MH,"71,812"
2016,12,MARTINIQUE,MQ,"63,156"
2016,12,MAURITANIA,MR,"5,410,650"
2016,12,MAURITIUS,MU,"7,495,101"
2016,12,MAYOTTE,YT,"293,291"
2016,12,MEXICO,MX,"178,953,791"
2016,12,MONACO,MC,0
2016,12,MONTENEGRO,ME,"82,259"
2016,12,MOROCCO,MA,"6,881,264"
2016,12,MOZAMBIQUE,MZ,"10,380,046"
2016,12,NAMIBIA,NA,"300,347"
2016,12,NAURU,NR,"77,307"
2016,12,NEPAL,NP,"2,231,892"
2016,12,NETHERLANDS,NL,"476,283,987"
2016,12,NEW CALEDONIA,NC,"1,493,785"
2016,12,NEW ZEALAND,NZ,"52,354,352"
2016,12,NICARAGUA,NI,"105,785"
2016,12,NIGER,NE,"126,804"
2016,12,NIGERIA,NG,"12,054,166"
2016,12,NORTHERN MARIANA ISLANDS,MP,"152,649"
2016,12,NORWAY,NO,"6,484,216"
2016,12,OMAN,OM,"19,570,980"
2016,12,"OTHER COUNTRIES, NES.",ZZ,"2,698,184"
2016,12,PAKISTAN,PK,"118,324,076"
2016,12,PALESTINE,PS,"87,351"
2016,12,PANAMA,PA,"9,350,048"
2016,12,PAPUA NEW GUINEA,PG,"18,559,190"
2016,12,PARAGUAY,PY,"600,850"
2016,12,PEOPLE'S DEM. REP. LAO,LA,"1,449,800"
2016,12,PEOPLE'S REP. OF MONGOLIA,MN,"1,103,537"
2016,12,PEOPLE'S REPUBLIC OF CHINA,CN,"2,290,825,039"
2016,12,PERU,PE,"7,349,186"
2016,12,PHILIPPINES,PH,"268,492,898"
2016,12,POLAND,PL,"24,279,431"
2016,12,PORTUGAL,PT,"6,174,910"
2016,12,PUERTO RICO,PR,"1,020,455"
2016,12,QATAR,QA,"13,149,757"
2016,12,REPUBLIC OF INDONESIA,ID,"606,793,456"
2016,12,REPUBLIC OF KOREA,KR,"604,652,084"
2016,12,REPUBLIC OF MOLDOVA,MD,"61,612"
2016,12,REPUBLIC OF SINGAPORE,SG,"2,452,499,982"
2016,12,REPUBLIC OF SOUTH AFRICA,ZA,"50,527,983"
2016,12,REPUBLIC OF SRI LANKA,LK,"82,175,870"
2016,12,REPUBLIC OF YEMEN,YE,"18,236,489"
2016,12,REUNION ISLANDS,RE,"1,361,794"
2016,12,ROMANIA,RO,"6,619,859"
2016,12,RUSSIAN FEDERATION,RU,"49,966,367"
2016,12,RWANDA,RW,"213,650"
2016,12,SAINT LUCIA,LC,"181,060"
2016,12,SAINT VINCENT/GRENADINES,VC,"13,151"
2016,12,SAUDI ARABIA,SA,"81,056,904"
2016,12,SENEGAL,SN,"6,312,979"
2016,12,SERBIA,RS,"722,600"
2016,12,SEYCHELLES,SC,"9,767,468"
2016,12,SIERRA LEONE,SL,"1,967,865"
2016,12,SLOVAKIA,SK,"3,576,233"
2016,12,SLOVENIA,SI,"13,351,207"
2016,12,SOCIALIST REP. OF VIET NAM,VN,"481,624,435"
2016,12,SOLOMON ISLANDS,SB,"1,888,662"
2016,12,SOMALIA,SO,"10,155,178"
2016,12,SPAIN,ES,"50,100,056"
2016,12,SUDAN,SD,"7,332,590"
2016,12,SURINAME,SR,"354,175"
2016,12,SW,SW,0
2016,12,SWAZILAND,SZ,"139,578"
2016,12,SWEDEN,SE,"35,309,243"
2016,12,SWITZERLAND,CH,"96,090,105"
2016,12,SYRIAN ARAB REPUBLIC,SY,"3,434,929"
2016,12,TAIWAN,TW,"475,856,654"
2016,12,TAJIKISTAN,TJ,"280,869"
2016,12,THAILAND,TH,"942,622,037"
2016,12,TIMOR LESTE,TL,"843,306"
2016,12,TOGO,TG,"10,166,009"
2016,12,TONGA,TO,"230,259"
2016,12,TRINIDAD AND TOBAGO,TT,"1,791,099"
2016,12,TUNISIA,TN,"3,765,537"
2016,12,TURKEY,TR,"224,457,622"
2016,12,TURKMENISTAN,TM,"799,261"
2016,12,TUVALU,TV,"10,872"
2016,12,UGANDA,UG,"362,886"
2016,12,UKRAINE,UA,"6,393,718"
2016,12,UNION OF MYANMAR,MM,"85,815,630"
2016,12,UNITED ARAB EMIRATES,AE,"271,951,213"
2016,12,UNITED KINGDOM,GB,"169,513,157"
2016,12,UNITED REP. OF TANZANIA,TZ,"8,936,966"
2016,12,UNITED STATES OF AMERICA,US,"1,608,469,709"
2016,12,URUGUAY,UY,"2,063,973"
2016,12,UZBEKISTAN,UZ,"4,375,202"
2016,12,VANUATU,VU,"324,606"
2016,12,VENEZUELA,VE,"470,352"
2016,12,WESTERN SAMOA,WS,"319,444"
2016,12,ZAMBIA,ZM,"271,947"
2016,12,ZIMBABWE,ZW,"619,407"
,,,,
"Note:
i. Source : Department Of Statistics Malaysia
ii. Compiled By MATRADE
iii. Exchange rate average for the period based on Bank Negara Malaysia",,,,
