Malaysia's Import Sources ,,,,
,,,,
Year,Month,Country,Country Code,Total Import (USD)
2016,1,AFGHANISTAN,AF,"10,609"
2016,1,ALBANIA,AL,"7,947"
2016,1,ALGERIA,DZ,0
2016,1,AMERICAN SAMOA,AS,0
2016,1,ANDORRA,AD,0
2016,1,ANGOLA,AO,"290,967"
2016,1,ANGUILLA,AI,0
2016,1,ANTIGUA & BARBUDA,AG,0
2016,1,ARGENTINA,AR,"43,458,878"
2016,1,ARMENIA,AM,0
2016,1,ARUBA,AW,0
2016,1,AUSTRALIA,AU,"289,092,801"
2016,1,AUSTRIA,AT,"44,902,463"
2016,1,AZERBAIJAN,AZ,0
2016,1,BAHAMAS,BS,"8,385"
2016,1,BAHRAIN,BH,"3,124,641"
2016,1,BANGLADESH,BD,"13,382,659"
2016,1,BARBADOS,BB,"2,797"
2016,1,BELARUS,BY,"2,073,899"
2016,1,BELGIUM,BE,"45,226,976"
2016,1,BELIZE,BZ,0
2016,1,BENIN,BJ,"6,917"
2016,1,BERMUDA,BM,0
2016,1,BHUTAN,BT,0
2016,1,BOLIVIA,BO,"1,190,716"
2016,1,BOSNIA - HERZEGOVINA,BA,277
2016,1,BOTSWANA,BW,"2,178"
2016,1,BRAZIL,BR,"223,793,600"
2016,1,BRITISH VIRGIN ISLANDS,VG,"95,994"
2016,1,BRUNEI DARUSSALAM,BN,"2,199,608"
2016,1,BULGARIA,BG,"2,677,447"
2016,1,BURKINA FASO,BF,"564,436"
2016,1,CAMBODIA,KH,"10,726,313"
2016,1,CAMEROON,CM,"6,089,489"
2016,1,CANADA,CA,"52,299,519"
2016,1,CAYMAN ISLANDS,KY,0
2016,1,CENTRAL AFRICAN REPUBLIC,CF,0
2016,1,CHILE,CL,"15,110,320"
2016,1,CHRISTMAS ISLAND (IND.OCEAN),CX,"1,732,995"
2016,1,COLOMBIA,CO,"2,162,527"
2016,1,COMOROS,KM,0
2016,1,CONGO,CG,"587,152"
2016,1,"CONGO, THE DEMOCRATIC REPUBLIC (ZAIRE)",CD,"5,570,582"
2016,1,COSTA RICA,CR,"1,380,927"
2016,1,COTE D'IVOIRE,CI,"35,987,327"
2016,1,CROATIA,HR,"353,378"
2016,1,CUBA,CU,"337,704"
2016,1,CURACAO,CW,"21,829"
2016,1,CYPRUS,CY,"740,551"
2016,1,CZECH REPUBLIC,CZ,"13,044,343"
2016,1,DEM. PEOPLE'S REP. OF KOREA,KP,"9,429"
2016,1,DENMARK,DK,"15,589,547"
2016,1,DJIBOUTI,DJ,0
2016,1,DOMINICA,DM,0
2016,1,DOMINICAN REPUBLIC,DO,"50,259"
2016,1,ECUADOR,EC,"11,953,247"
2016,1,EGYPT,EG,"8,369,882"
2016,1,EL SALVADOR,SV,"8,269"
2016,1,EQUATORIAL GUINEA,GQ,"4,219"
2016,1,ERITREA,ER,0
2016,1,ESTONIA,EE,"337,257"
2016,1,ETHIOPIA,ET,"2,893"
2016,1,FED. STATES OF MICRONESIA,FM,0
2016,1,FEDERAL REPUBLIC OF GERMANY,DE,"448,030,610"
2016,1,FIJI,FJ,0
2016,1,FINLAND,FI,"11,651,872"
2016,1,FRANCE,FR,"114,726,933"
2016,1,FRENCH POLYNESIA,PF,0
2016,1,GABON,GA,"22,038,970"
2016,1,GAMBIA,GM,0
2016,1,GEORGIA,GE,"263,578"
2016,1,GHANA,GH,"9,898,106"
2016,1,GIBRALTAR,GI,0
2016,1,GREECE,GR,"1,873,576"
2016,1,GRENADA,GD,0
2016,1,GUADELOUPE,GP,0
2016,1,GUAM,GU,"2,335"
2016,1,GUATEMALA,GT,"78,288"
2016,1,GUINEA,GN,0
2016,1,GUINEA-BISSAU,GW,0
2016,1,GUYANA,GY,"49,079"
2016,1,HAITI,HT,"3,783"
2016,1,HONDURAS,HN,"42,286"
2016,1,HONG KONG,HK,"231,447,499"
2016,1,HUNGARY,HU,"10,387,702"
2016,1,ICELAND,IS,"47,479"
2016,1,INDIA,IN,"365,339,064"
2016,1,IRAQ,IQ,"78,952"
2016,1,IRELAND,IE,"30,982,670"
2016,1,ISLAMIC REP. OF IRAN,IR,"3,526,103"
2016,1,ITALY,IT,"99,841,574"
2016,1,JAMAICA,JM,"208,038"
2016,1,JAPAN,JP,"954,049,973"
2016,1,JORDAN,JO,"2,869,177"
2016,1,KAZAKHSTAN,KZ,"224,169"
2016,1,KENYA,KE,"636,090"
2016,1,KIRIBATI,KI,0
2016,1,KUWAIT,KW,"83,812,476"
2016,1,KYRGYZSTAN,KG,0
2016,1,LATVIA,LV,"1,131,111"
2016,1,LEBANON,LB,"871,816"
2016,1,LESOTHO,LS,"6,625"
2016,1,LIBERIA,LR,"2,477,875"
2016,1,LIBYAN ARAB JAMAHIRIYA,LY,"75,190"
2016,1,LIECHTENSTEIN,LI,"2,231"
2016,1,LITHUANIA,LT,"4,857,146"
2016,1,LUXEMBOURG,LU,"502,218"
2016,1,MACAU,MO,"1,361,974"
2016,1,MACEDONIA,MK,"111,706"
2016,1,MADAGASCAR,MG,"1,391,509"
2016,1,MALAWI,MW,"823,717"
2016,1,"MALAYSIA, PENINSULAR",MY,"2,440,089"
2016,1,MALDIVES,MV,"1,727"
2016,1,MALI,ML,0
2016,1,MALTA,MT,"4,212,836"
2016,1,MARSHALL ISLANDS,MH,"4,236,933"
2016,1,MARTINIQUE,MQ,0
2016,1,MAURITANIA,MR,"7,073"
2016,1,MAURITIUS,MU,"131,600"
2016,1,MAYOTTE,YT,0
2016,1,MEXICO,MX,"28,193,506"
2016,1,MONACO,MC,0
2016,1,MONTENEGRO,ME,0
2016,1,MOROCCO,MA,"2,008,019"
2016,1,MOZAMBIQUE,MZ,"319,540"
2016,1,NAMIBIA,NA,"277,445"
2016,1,NAURU,NR,0
2016,1,NEPAL,NP,"61,529"
2016,1,NETHERLANDS,NL,"112,575,541"
2016,1,NEW CALEDONIA,NC,"95,812"
2016,1,NEW ZEALAND,NZ,"52,631,598"
2016,1,NICARAGUA,NI,"52,490"
2016,1,NIGER,NE,0
2016,1,NIGERIA,NG,"3,847,997"
2016,1,NORTHERN MARIANA ISLANDS,MP,0
2016,1,NORWAY,NO,"22,173,978"
2016,1,OMAN,OM,"14,136,426"
2016,1,"OTHER COUNTRIES, NES.",ZZ,"147,795,230"
2016,1,PAKISTAN,PK,"12,418,980"
2016,1,PALAU,PW,0
2016,1,PALESTINE,PS,"7,245"
2016,1,PANAMA,PA,"1,101,346"
2016,1,PAPUA NEW GUINEA,PG,"9,696,400"
2016,1,PARAGUAY,PY,"3,557,308"
2016,1,PEOPLE'S DEM. REP. LAO,LA,"1,894,326"
2016,1,PEOPLE'S REP. OF MONGOLIA,MN,"45,592"
2016,1,PEOPLE'S REPUBLIC OF CHINA,CN,"2,688,539,729"
2016,1,PERU,PE,"3,438,824"
2016,1,PHILIPPINES,PH,"114,068,762"
2016,1,POLAND,PL,"17,452,302"
2016,1,PORTUGAL,PT,"2,100,198"
2016,1,PUERTO RICO,PR,"78,432"
2016,1,QATAR,QA,"29,089,469"
2016,1,REPUBLIC OF INDONESIA,ID,"541,828,372"
2016,1,REPUBLIC OF KOREA,KR,"654,912,737"
2016,1,REPUBLIC OF MOLDOVA,MD,"588,345"
2016,1,REPUBLIC OF SINGAPORE,SG,"1,507,449,808"
2016,1,REPUBLIC OF SOUTH AFRICA,ZA,"35,692,941"
2016,1,REPUBLIC OF SRI LANKA,LK,"6,074,586"
2016,1,REPUBLIC OF YEMEN,YE,"330,940"
2016,1,REUNION ISLANDS,RE,"101,135"
2016,1,ROMANIA,RO,"2,434,789"
2016,1,RUSSIAN FEDERATION,RU,"44,185,398"
2016,1,RWANDA,RW,"686,107"
2016,1,SAINT LUCIA,LC,0
2016,1,SAINT VINCENT/GRENADINES,VC,0
2016,1,SAN MARINO,SM,307
2016,1,SAO TOME AND PRINCIPE,ST,0
2016,1,SAUDI ARABIA,SA,"149,374,429"
2016,1,SENEGAL,SN,385
2016,1,SERBIA,RS,"204,847"
2016,1,SEYCHELLES,SC,0
2016,1,SIERRA LEONE,SL,0
2016,1,SLOVAKIA,SK,"1,694,604"
2016,1,SLOVENIA,SI,"1,151,991"
2016,1,SOCIALIST REP. OF VIET NAM,VN,"347,105,625"
2016,1,SOLOMON ISLANDS,SB,"845,246"
2016,1,SOMALIA,SO,0
2016,1,SPAIN,ES,"30,508,537"
2016,1,SUDAN,SD,"86,336"
2016,1,SURINAME,SR,"84,695"
2016,1,SW,SW,"138,670"
2016,1,SWAZILAND,SZ,"1,534"
2016,1,SWEDEN,SE,"31,643,368"
2016,1,SWITZERLAND,CH,"187,089,460"
2016,1,SYRIAN ARAB REPUBLIC,SY,"81,636"
2016,1,TAIWAN,TW,"697,574,384"
2016,1,TAJIKISTAN,TJ,0
2016,1,THAILAND,TH,"787,880,525"
2016,1,TIMOR LESTE,TL,"13,109"
2016,1,TOGO,TG,"342,835"
2016,1,TONGA,TO,0
2016,1,TRINIDAD AND TOBAGO,TT,"8,208"
2016,1,TUNISIA,TN,"596,667"
2016,1,TURKEY,TR,"22,313,401"
2016,1,TURKMENISTAN,TM,"1,250"
2016,1,TUVALU,TV,0
2016,1,U.S. MINOR OUTLYING ISLANDS,UM,0
2016,1,UGANDA,UG,"171,349"
2016,1,UKRAINE,UA,"3,927,602"
2016,1,UNION OF MYANMAR,MM,"14,546,845"
2016,1,UNITED ARAB EMIRATES,AE,"171,292,582"
2016,1,UNITED KINGDOM,GB,"137,473,715"
2016,1,UNITED REP. OF TANZANIA,TZ,"18,385,639"
2016,1,UNITED STATES OF AMERICA,US,"1,027,583,998"
2016,1,URUGUAY,UY,"3,609,039"
2016,1,UZBEKISTAN,UZ,"3,991"
2016,1,VANUATU,VU,"343,645"
2016,1,VENEZUELA,VE,"14,069,764"
2016,1,WESTERN SAMOA,WS,0
2016,1,ZAMBIA,ZM,"7,814"
2016,1,ZIMBABWE,ZW,"439,766"
2016,2,AFGHANISTAN,AF,703
2016,2,ALBANIA,AL,"92,656"
2016,2,ALGERIA,DZ,823
2016,2,AMERICAN SAMOA,AS,0
2016,2,ANDORRA,AD,0
2016,2,ANGOLA,AO,"187,787"
2016,2,ANTIGUA & BARBUDA,AG,0
2016,2,ARGENTINA,AR,"72,551,503"
2016,2,ARMENIA,AM,0
2016,2,ARUBA,AW,"1,461"
2016,2,AUSTRALIA,AU,"221,971,689"
2016,2,AUSTRIA,AT,"38,521,734"
2016,2,AZERBAIJAN,AZ,0
2016,2,BAHAMAS,BS,"82,323"
2016,2,BAHRAIN,BH,"7,922,840"
2016,2,BANGLADESH,BD,"14,848,734"
2016,2,BARBADOS,BB,"6,005"
2016,2,BELARUS,BY,"802,838"
2016,2,BELGIUM,BE,"40,308,104"
2016,2,BELIZE,BZ,"7,382"
2016,2,BENIN,BJ,0
2016,2,BERMUDA,BM,0
2016,2,BHUTAN,BT,659
2016,2,BOLIVIA,BO,"1,405,086"
2016,2,BOSNIA - HERZEGOVINA,BA,0
2016,2,BOTSWANA,BW,0
2016,2,BRAZIL,BR,"151,136,652"
2016,2,BRITISH INDIAN OCEAN TERR.,IO,0
2016,2,BRITISH VIRGIN ISLANDS,VG,"199,037"
2016,2,BRUNEI DARUSSALAM,BN,"13,871,286"
2016,2,BULGARIA,BG,"2,053,201"
2016,2,BURKINA FASO,BF,"1,427,453"
2016,2,CAMBODIA,KH,"11,865,640"
2016,2,CAMEROON,CM,"6,014,938"
2016,2,CANADA,CA,"62,875,884"
2016,2,CAPE VERDE,CV,0
2016,2,CAYMAN ISLANDS,KY,0
2016,2,CENTRAL AFRICAN REPUBLIC,CF,0
2016,2,CHAD,TD,0
2016,2,CHILE,CL,"3,403,942"
2016,2,CHRISTMAS ISLAND (IND.OCEAN),CX,"1,548,390"
2016,2,COLOMBIA,CO,"3,869,015"
2016,2,COMOROS,KM,0
2016,2,CONGO,CG,"1,661,247"
2016,2,"CONGO, THE DEMOCRATIC REPUBLIC (ZAIRE)",CD,"4,480,972"
2016,2,COSTA RICA,CR,"2,371,506"
2016,2,COTE D'IVOIRE,CI,"20,645,641"
2016,2,CROATIA,HR,"638,941"
2016,2,CUBA,CU,"171,727"
2016,2,CURACAO,CW,"38,926"
2016,2,CYPRUS,CY,"323,545"
2016,2,CZECH REPUBLIC,CZ,"12,767,254"
2016,2,DEM. PEOPLE'S REP. OF KOREA,KP,"7,211"
2016,2,DENMARK,DK,"14,235,261"
2016,2,DJIBOUTI,DJ,0
2016,2,DOMINICA,DM,"1,662"
2016,2,DOMINICAN REPUBLIC,DO,"201,658"
2016,2,ECUADOR,EC,"5,913,664"
2016,2,EGYPT,EG,"9,683,169"
2016,2,EL SALVADOR,SV,578
2016,2,EQUATORIAL GUINEA,GQ,0
2016,2,ESTONIA,EE,"283,883"
2016,2,ETHIOPIA,ET,947
2016,2,FED. STATES OF MICRONESIA,FM,0
2016,2,FEDERAL REPUBLIC OF GERMANY,DE,"442,953,315"
2016,2,FIJI,FJ,"323,515"
2016,2,FINLAND,FI,"9,284,652"
2016,2,FRANCE,FR,"246,106,968"
2016,2,FRENCH POLYNESIA,PF,0
2016,2,GABON,GA,"42,754"
2016,2,GAMBIA,GM,0
2016,2,GEORGIA,GE,"1,029,349"
2016,2,GHANA,GH,"10,349,825"
2016,2,GIBRALTAR,GI,0
2016,2,GREECE,GR,"496,574"
2016,2,GREENLAND,GL,"7,584"
2016,2,GRENADA,GD,0
2016,2,GUADELOUPE,GP,0
2016,2,GUAM,GU,0
2016,2,GUATEMALA,GT,"29,887"
2016,2,GUINEA,GN,0
2016,2,GUINEA-BISSAU,GW,0
2016,2,GUYANA,GY,"70,905"
2016,2,HAITI,HT,"2,669"
2016,2,HEARD AND MCDONALD ISLANDS,HM,353
2016,2,HONDURAS,HN,"273,537"
2016,2,HONG KONG,HK,"184,653,768"
2016,2,HUNGARY,HU,"13,612,390"
2016,2,ICELAND,IS,"158,828"
2016,2,INDIA,IN,"260,408,720"
2016,2,IRAQ,IQ,"2,536"
2016,2,IRELAND,IE,"28,028,071"
2016,2,ISLAMIC REP. OF IRAN,IR,"3,070,502"
2016,2,ITALY,IT,"81,779,935"
2016,2,JAMAICA,JM,"144,240"
2016,2,JAPAN,JP,"1,074,579,188"
2016,2,JORDAN,JO,"9,725,903"
2016,2,KAZAKHSTAN,KZ,"283,128"
2016,2,KENYA,KE,"1,006,787"
2016,2,KIRIBATI,KI,0
2016,2,KUWAIT,KW,"2,936,120"
2016,2,KYRGYZSTAN,KG,21
2016,2,LATVIA,LV,"1,539,134"
2016,2,LEBANON,LB,"212,594"
2016,2,LESOTHO,LS,0
2016,2,LIBERIA,LR,"824,757"
2016,2,LIBYAN ARAB JAMAHIRIYA,LY,"1,796,470"
2016,2,LIECHTENSTEIN,LI,"4,107"
2016,2,LITHUANIA,LT,"4,929,690"
2016,2,LUXEMBOURG,LU,"970,555"
2016,2,MACAU,MO,"1,220,271"
2016,2,MACEDONIA,MK,"88,414"
2016,2,MADAGASCAR,MG,"885,001"
2016,2,MALAWI,MW,"213,767"
2016,2,"MALAYSIA, PENINSULAR",MY,"1,354,696"
2016,2,MALDIVES,MV,"1,102"
2016,2,MALI,ML,"2,275"
2016,2,MALTA,MT,"3,744,853"
2016,2,MARSHALL ISLANDS,MH,0
2016,2,MARTINIQUE,MQ,0
2016,2,MAURITANIA,MR,"37,389"
2016,2,MAURITIUS,MU,"439,733"
2016,2,MAYOTTE,YT,0
2016,2,MEXICO,MX,"22,631,167"
2016,2,MONTENEGRO,ME,0
2016,2,MOROCCO,MA,"1,900,243"
2016,2,MOZAMBIQUE,MZ,"22,424"
2016,2,NAMIBIA,NA,"260,329"
2016,2,NAURU,NR,0
2016,2,NEPAL,NP,"62,247"
2016,2,NETHERLANDS,NL,"123,519,111"
2016,2,NEW CALEDONIA,NC,321
2016,2,NEW ZEALAND,NZ,"56,937,155"
2016,2,NICARAGUA,NI,"99,421"
2016,2,NIGER,NE,0
2016,2,NIGERIA,NG,"2,288,101"
2016,2,NORFOLK ISLAND,NF,0
2016,2,NORTHERN MARIANA ISLANDS,MP,0
2016,2,NORWAY,NO,"14,192,486"
2016,2,OMAN,OM,"47,430,391"
2016,2,"OTHER COUNTRIES, NES.",ZZ,"131,205,585"
2016,2,PAKISTAN,PK,"12,821,679"
2016,2,PALAU,PW,0
2016,2,PALESTINE,PS,"108,613"
2016,2,PANAMA,PA,"533,418"
2016,2,PAPUA NEW GUINEA,PG,"5,592,329"
2016,2,PARAGUAY,PY,"5,427,939"
2016,2,PEOPLE'S DEM. REP. LAO,LA,"12,730"
2016,2,PEOPLE'S REP. OF MONGOLIA,MN,"5,545"
2016,2,PEOPLE'S REPUBLIC OF CHINA,CN,"2,118,345,537"
2016,2,PERU,PE,"6,005,317"
2016,2,PHILIPPINES,PH,"116,939,105"
2016,2,POLAND,PL,"15,669,228"
2016,2,PORTUGAL,PT,"2,067,668"
2016,2,PUERTO RICO,PR,"233,484"
2016,2,QATAR,QA,"7,128,072"
2016,2,REPUBLIC OF INDONESIA,ID,"537,382,053"
2016,2,REPUBLIC OF KOREA,KR,"528,983,293"
2016,2,REPUBLIC OF MOLDOVA,MD,"159,095"
2016,2,REPUBLIC OF SINGAPORE,SG,"1,273,649,128"
2016,2,REPUBLIC OF SOUTH AFRICA,ZA,"28,471,164"
2016,2,REPUBLIC OF SRI LANKA,LK,"3,399,059"
2016,2,REPUBLIC OF YEMEN,YE,"69,468"
2016,2,REUNION ISLANDS,RE,"45,159"
2016,2,ROMANIA,RO,"2,396,687"
2016,2,RUSSIAN FEDERATION,RU,"65,174,278"
2016,2,RWANDA,RW,"1,928,577"
2016,2,SAINT KITTS & NEVIS,KN,0
2016,2,SAINT LUCIA,LC,0
2016,2,SAINT VINCENT/GRENADINES,VC,0
2016,2,SAUDI ARABIA,SA,"133,967,507"
2016,2,SENEGAL,SN,"12,071"
2016,2,SERBIA,RS,"65,155"
2016,2,SEYCHELLES,SC,"3,374"
2016,2,SIERRA LEONE,SL,0
2016,2,SLOVAKIA,SK,"3,250,748"
2016,2,SLOVENIA,SI,"1,655,614"
2016,2,SOCIALIST REP. OF VIET NAM,VN,"279,132,622"
2016,2,SOLOMON ISLANDS,SB,"482,138"
2016,2,SOMALIA,SO,0
2016,2,SOUTH SUDAN,SS,0
2016,2,SPAIN,ES,"41,062,257"
2016,2,SUDAN,SD,"100,952"
2016,2,SURINAME,SR,"68,824"
2016,2,SW,SW,"243,006"
2016,2,SWAZILAND,SZ,"61,468"
2016,2,SWEDEN,SE,"33,302,216"
2016,2,SWITZERLAND,CH,"98,409,035"
2016,2,SYRIAN ARAB REPUBLIC,SY,0
2016,2,TAIWAN,TW,"586,938,086"
2016,2,TAJIKISTAN,TJ,0
2016,2,THAILAND,TH,"763,808,990"
2016,2,TIMOR LESTE,TL,"21,953"
2016,2,TOGO,TG,"2,038"
2016,2,TONGA,TO,0
2016,2,TRINIDAD AND TOBAGO,TT,"25,030,204"
2016,2,TUNISIA,TN,"524,538"
2016,2,TURKEY,TR,"18,261,205"
2016,2,TURKMENISTAN,TM,"14,432"
2016,2,TUVALU,TV,0
2016,2,U.S. MINOR OUTLYING ISLANDS,UM,0
2016,2,UGANDA,UG,"218,200"
2016,2,UKRAINE,UA,"11,847,350"
2016,2,UNION OF MYANMAR,MM,"13,080,764"
2016,2,UNITED ARAB EMIRATES,AE,"248,923,629"
2016,2,UNITED KINGDOM,GB,"121,205,021"
2016,2,UNITED REP. OF TANZANIA,TZ,"8,189,190"
2016,2,UNITED STATES OF AMERICA,US,"1,130,800,563"
2016,2,UNITED STATES VIRGIN ISLANDS,VI,0
2016,2,URUGUAY,UY,"2,433,840"
2016,2,UZBEKISTAN,UZ,"383,970"
2016,2,VANUATU,VU,"290,653"
2016,2,VENEZUELA,VE,"12,997,909"
2016,2,WALLIS AND FUTUNA ISLANDS,WF,0
2016,2,WESTERN SAMOA,WS,0
2016,2,ZAMBIA,ZM,"3,070,580"
2016,2,ZIMBABWE,ZW,"398,221"
2016,3,AFGHANISTAN,AF,"2,982"
2016,3,ALBANIA,AL,"65,215"
2016,3,ALGERIA,DZ,"53,232"
2016,3,AMERICAN SAMOA,AS,0
2016,3,ANGOLA,AO,"10,852"
2016,3,ANGUILLA,AI,"25,962"
2016,3,ANTIGUA & BARBUDA,AG,"197,985"
2016,3,ARGENTINA,AR,"95,716,744"
2016,3,ARMENIA,AM,"92,479"
2016,3,ARUBA,AW,0
2016,3,AUSTRALIA,AU,"314,963,044"
2016,3,AUSTRIA,AT,"50,632,500"
2016,3,AZERBAIJAN,AZ,"48,116"
2016,3,BAHAMAS,BS,0
2016,3,BAHRAIN,BH,"14,734,301"
2016,3,BANGLADESH,BD,"21,807,606"
2016,3,BARBADOS,BB,"2,397"
2016,3,BELARUS,BY,"330,739"
2016,3,BELGIUM,BE,"48,324,827"
2016,3,BELIZE,BZ,0
2016,3,BENIN,BJ,86
2016,3,BERMUDA,BM,0
2016,3,BHUTAN,BT,"7,715"
2016,3,BOLIVIA,BO,"2,830,337"
2016,3,BOSNIA - HERZEGOVINA,BA,0
2016,3,BOTSWANA,BW,0
2016,3,BRAZIL,BR,"212,359,557"
2016,3,BRITISH VIRGIN ISLANDS,VG,"283,255"
2016,3,BRUNEI DARUSSALAM,BN,"1,946,618"
2016,3,BULGARIA,BG,"1,972,455"
2016,3,BURKINA FASO,BF,"1,434,205"
2016,3,CAMBODIA,KH,"12,758,233"
2016,3,CAMEROON,CM,"5,859,477"
2016,3,CANADA,CA,"60,696,168"
2016,3,CAPE VERDE,CV,0
2016,3,CAYMAN ISLANDS,KY,"1,263"
2016,3,CENTRAL AFRICAN REPUBLIC,CF,"19,430"
2016,3,CHAD,TD,0
2016,3,CHILE,CL,"6,338,737"
2016,3,CHRISTMAS ISLAND (IND.OCEAN),CX,0
2016,3,COLOMBIA,CO,"3,935,073"
2016,3,COMOROS,KM,0
2016,3,CONGO,CG,"1,300,761"
2016,3,"CONGO, THE DEMOCRATIC REPUBLIC (ZAIRE)",CD,"1,880,933"
2016,3,COOK ISLANDS,CK,0
2016,3,COSTA RICA,CR,"1,336,212"
2016,3,COTE D'IVOIRE,CI,"30,778,323"
2016,3,CROATIA,HR,"746,665"
2016,3,CUBA,CU,"445,243"
2016,3,CURACAO,CW,"15,503"
2016,3,CYPRUS,CY,"277,754"
2016,3,CZECH REPUBLIC,CZ,"15,370,731"
2016,3,DEM. PEOPLE'S REP. OF KOREA,KP,0
2016,3,DENMARK,DK,"13,573,598"
2016,3,DJIBOUTI,DJ,0
2016,3,DOMINICA,DM,0
2016,3,DOMINICAN REPUBLIC,DO,"165,816"
2016,3,ECUADOR,EC,"7,633,147"
2016,3,EGYPT,EG,"8,030,778"
2016,3,EL SALVADOR,SV,"61,320"
2016,3,EQUATORIAL GUINEA,GQ,0
2016,3,ERITREA,ER,0
2016,3,ESTONIA,EE,"303,529"
2016,3,ETHIOPIA,ET,"26,578"
2016,3,FED. STATES OF MICRONESIA,FM,0
2016,3,FEDERAL REPUBLIC OF GERMANY,DE,"476,849,806"
2016,3,FIJI,FJ,815
2016,3,FINLAND,FI,"17,059,494"
2016,3,FRANCE,FR,"139,783,625"
2016,3,FRENCH GUIANA,GF,0
2016,3,FRENCH POLYNESIA,PF,0
2016,3,GABON,GA,866
2016,3,GAMBIA,GM,0
2016,3,GEORGIA,GE,"85,439"
2016,3,GHANA,GH,"19,807,291"
2016,3,GIBRALTAR,GI,0
2016,3,GREECE,GR,"696,372"
2016,3,GREENLAND,GL,"17,438"
2016,3,GRENADA,GD,0
2016,3,GUADELOUPE,GP,"10,177"
2016,3,GUAM,GU,"3,555"
2016,3,GUATEMALA,GT,"17,894,537"
2016,3,GUINEA,GN,"2,363,058"
2016,3,GUINEA-BISSAU,GW,0
2016,3,GUYANA,GY,"21,669"
2016,3,HAITI,HT,0
2016,3,HONDURAS,HN,"43,271"
2016,3,HONG KONG,HK,"235,438,365"
2016,3,HUNGARY,HU,"13,683,205"
2016,3,ICELAND,IS,"525,447"
2016,3,INDIA,IN,"297,500,290"
2016,3,IRAQ,IQ,261
2016,3,IRELAND,IE,"33,009,770"
2016,3,ISLAMIC REP. OF IRAN,IR,"2,760,504"
2016,3,ITALY,IT,"109,862,007"
2016,3,JAMAICA,JM,"66,112"
2016,3,JAPAN,JP,"1,242,012,440"
2016,3,JORDAN,JO,"4,640,207"
2016,3,KAZAKHSTAN,KZ,"766,146"
2016,3,KENYA,KE,"889,752"
2016,3,KIRIBATI,KI,0
2016,3,KUWAIT,KW,"34,722,237"
2016,3,KYRGYZSTAN,KG,"8,122"
2016,3,LATVIA,LV,"1,383,401"
2016,3,LEBANON,LB,"976,100"
2016,3,LESOTHO,LS,0
2016,3,LIBERIA,LR,"416,401"
2016,3,LIBYAN ARAB JAMAHIRIYA,LY,"661,523"
2016,3,LIECHTENSTEIN,LI,"2,741"
2016,3,LITHUANIA,LT,"12,463,223"
2016,3,LUXEMBOURG,LU,"1,786,366"
2016,3,MACAU,MO,"898,949"
2016,3,MACEDONIA,MK,"119,125"
2016,3,MADAGASCAR,MG,"2,337,801"
2016,3,MALAWI,MW,"729,312"
2016,3,"MALAYSIA, PENINSULAR",MY,"2,924,606"
2016,3,MALDIVES,MV,"13,343"
2016,3,MALI,ML,20
2016,3,MALTA,MT,"3,132,827"
2016,3,MARSHALL ISLANDS,MH,0
2016,3,MARTINIQUE,MQ,0
2016,3,MAURITANIA,MR,"5,583"
2016,3,MAURITIUS,MU,"125,200"
2016,3,MAYOTTE,YT,0
2016,3,MEXICO,MX,"35,647,413"
2016,3,MONTENEGRO,ME,"241,863"
2016,3,MOROCCO,MA,"2,240,983"
2016,3,MOZAMBIQUE,MZ,"1,491,645"
2016,3,NAMIBIA,NA,"152,975"
2016,3,NEPAL,NP,"20,396"
2016,3,NETHERLANDS,NL,"130,671,177"
2016,3,NEW CALEDONIA,NC,"27,277"
2016,3,NEW ZEALAND,NZ,"60,090,564"
2016,3,NICARAGUA,NI,"51,145"
2016,3,NIGER,NE,0
2016,3,NIGERIA,NG,"7,530,715"
2016,3,NORFOLK ISLAND,NF,0
2016,3,NORTHERN MARIANA ISLANDS,MP,0
2016,3,NORWAY,NO,"19,055,581"
2016,3,OMAN,OM,"13,029,625"
2016,3,"OTHER COUNTRIES, NES.",ZZ,"189,190,586"
2016,3,PAKISTAN,PK,"16,187,099"
2016,3,PALAU,PW,0
2016,3,PALESTINE,PS,"130,018"
2016,3,PANAMA,PA,"1,488,008"
2016,3,PAPUA NEW GUINEA,PG,"10,611,071"
2016,3,PARAGUAY,PY,"100,408"
2016,3,PEOPLE'S DEM. REP. LAO,LA,"2,121,947"
2016,3,PEOPLE'S REP. OF MONGOLIA,MN,"6,231"
2016,3,PEOPLE'S REPUBLIC OF CHINA,CN,"2,441,598,980"
2016,3,PERU,PE,"2,823,125"
2016,3,PHILIPPINES,PH,"125,089,838"
2016,3,POLAND,PL,"19,473,731"
2016,3,PORTUGAL,PT,"2,493,607"
2016,3,PUERTO RICO,PR,"1,044,597"
2016,3,QATAR,QA,"7,965,489"
2016,3,REPUBLIC OF INDONESIA,ID,"607,535,323"
2016,3,REPUBLIC OF KOREA,KR,"576,658,494"
2016,3,REPUBLIC OF MOLDOVA,MD,380
2016,3,REPUBLIC OF SINGAPORE,SG,"1,376,944,507"
2016,3,REPUBLIC OF SOUTH AFRICA,ZA,"44,730,701"
2016,3,REPUBLIC OF SRI LANKA,LK,"4,296,418"
2016,3,REPUBLIC OF YEMEN,YE,"1,133,011"
2016,3,REUNION ISLANDS,RE,355
2016,3,ROMANIA,RO,"2,676,008"
2016,3,RUSSIAN FEDERATION,RU,"105,697,204"
2016,3,RWANDA,RW,"823,469"
2016,3,SAINT LUCIA,LC,0
2016,3,SAO TOME AND PRINCIPE,ST,0
2016,3,SAUDI ARABIA,SA,"210,593,575"
2016,3,SENEGAL,SN,"402,084"
2016,3,SERBIA,RS,"221,529"
2016,3,SEYCHELLES,SC,0
2016,3,SIERRA LEONE,SL,"2,217"
2016,3,SLOVAKIA,SK,"2,244,608"
2016,3,SLOVENIA,SI,"2,324,346"
2016,3,SOCIALIST REP. OF VIET NAM,VN,"384,394,172"
2016,3,SOLOMON ISLANDS,SB,"167,779"
2016,3,SOMALIA,SO,0
2016,3,SPAIN,ES,"39,130,115"
2016,3,SUDAN,SD,"128,262"
2016,3,SURINAME,SR,"39,905"
2016,3,SW,SW,"546,111"
2016,3,SWAZILAND,SZ,"5,069"
2016,3,SWEDEN,SE,"32,954,824"
2016,3,SWITZERLAND,CH,"101,603,738"
2016,3,SYRIAN ARAB REPUBLIC,SY,"36,318"
2016,3,TAIWAN,TW,"839,629,552"
2016,3,TAJIKISTAN,TJ,0
2016,3,THAILAND,TH,"934,691,782"
2016,3,TIMOR LESTE,TL,"33,547"
2016,3,TOGO,TG,"413,444"
2016,3,TONGA,TO,0
2016,3,TRINIDAD AND TOBAGO,TT,"66,964"
2016,3,TUNISIA,TN,"2,430,943"
2016,3,TURKEY,TR,"25,263,996"
2016,3,TURKMENISTAN,TM,"205,221"
2016,3,TUVALU,TV,0
2016,3,U.S. MINOR OUTLYING ISLANDS,UM,0
2016,3,UGANDA,UG,"805,655"
2016,3,UKRAINE,UA,"3,561,521"
2016,3,UNION OF MYANMAR,MM,"24,372,322"
2016,3,UNITED ARAB EMIRATES,AE,"189,268,934"
2016,3,UNITED KINGDOM,GB,"161,313,295"
2016,3,UNITED REP. OF TANZANIA,TZ,"336,260"
2016,3,UNITED STATES OF AMERICA,US,"1,184,673,550"
2016,3,UNITED STATES VIRGIN ISLANDS,VI,0
2016,3,URUGUAY,UY,"295,781"
2016,3,UZBEKISTAN,UZ,"410,801"
2016,3,VANUATU,VU,"256,425"
2016,3,VENEZUELA,VE,"13,780,850"
2016,3,WALLIS AND FUTUNA ISLANDS,WF,0
2016,3,WESTERN SAMOA,WS,0
2016,3,ZAMBIA,ZM,"608,974"
2016,3,ZIMBABWE,ZW,"695,161"
2016,4,AFGHANISTAN,AF,237
2016,4,ALBANIA,AL,"4,300"
2016,4,ALGERIA,DZ,"46,442"
2016,4,AMERICAN SAMOA,AS,0
2016,4,ANGOLA,AO,"1,731"
2016,4,ANGUILLA,AI,0
2016,4,ANTIGUA & BARBUDA,AG,"4,077"
2016,4,ARGENTINA,AR,"97,271,421"
2016,4,ARMENIA,AM,0
2016,4,ARUBA,AW,0
2016,4,AUSTRALIA,AU,"311,054,953"
2016,4,AUSTRIA,AT,"41,652,961"
2016,4,AZERBAIJAN,AZ,0
2016,4,BAHAMAS,BS,0
2016,4,BAHRAIN,BH,"6,937,796"
2016,4,BANGLADESH,BD,"18,534,806"
2016,4,BARBADOS,BB,"4,528"
2016,4,BELARUS,BY,"3,379,392"
2016,4,BELGIUM,BE,"50,336,769"
2016,4,BELIZE,BZ,0
2016,4,BENIN,BJ,0
2016,4,BERMUDA,BM,0
2016,4,BHUTAN,BT,"7,693"
2016,4,BOLIVIA,BO,"3,002,829"
2016,4,BOSNIA - HERZEGOVINA,BA,418
2016,4,BOTSWANA,BW,0
2016,4,BRAZIL,BR,"91,164,561"
2016,4,BRITISH VIRGIN ISLANDS,VG,"145,385"
2016,4,BRUNEI DARUSSALAM,BN,"32,166,354"
2016,4,BULGARIA,BG,"3,787,411"
2016,4,BURKINA FASO,BF,"475,616"
2016,4,BURUNDI,BI,0
2016,4,CAMBODIA,KH,"6,992,555"
2016,4,CAMEROON,CM,"6,658,587"
2016,4,CANADA,CA,"67,536,978"
2016,4,CAPE VERDE,CV,0
2016,4,CAYMAN ISLANDS,KY,0
2016,4,CENTRAL AFRICAN REPUBLIC,CF,"110,278"
2016,4,CHILE,CL,"5,640,215"
2016,4,CHRISTMAS ISLAND (IND.OCEAN),CX,"796,099"
2016,4,COLOMBIA,CO,"2,010,613"
2016,4,COMOROS,KM,0
2016,4,CONGO,CG,"3,774,123"
2016,4,"CONGO, THE DEMOCRATIC REPUBLIC (ZAIRE)",CD,"3,100,884"
2016,4,COOK ISLANDS,CK,0
2016,4,COSTA RICA,CR,"1,927,644"
2016,4,COTE D'IVOIRE,CI,"20,257,000"
2016,4,CROATIA,HR,"385,272"
2016,4,CUBA,CU,"36,848"
2016,4,CURACAO,CW,"46,405"
2016,4,CYPRUS,CY,"6,277,143"
2016,4,CZECH REPUBLIC,CZ,"20,430,267"
2016,4,DEM. PEOPLE'S REP. OF KOREA,KP,"1,713,374"
2016,4,DENMARK,DK,"18,589,070"
2016,4,DJIBOUTI,DJ,"87,299"
2016,4,DOMINICA,DM,0
2016,4,DOMINICAN REPUBLIC,DO,"276,999"
2016,4,ECUADOR,EC,"1,972,720"
2016,4,EGYPT,EG,"8,059,623"
2016,4,EL SALVADOR,SV,"319,644"
2016,4,EQUATORIAL GUINEA,GQ,0
2016,4,ERITREA,ER,0
2016,4,ESTONIA,EE,"225,151"
2016,4,ETHIOPIA,ET,"10,221"
2016,4,FED. STATES OF MICRONESIA,FM,"1,816"
2016,4,FEDERAL REPUBLIC OF GERMANY,DE,"498,742,452"
2016,4,FIJI,FJ,"68,462"
2016,4,FINLAND,FI,"12,954,558"
2016,4,FRANCE,FR,"159,028,926"
2016,4,FRENCH GUIANA,GF,0
2016,4,FRENCH POLYNESIA,PF,0
2016,4,GABON,GA,"2,525,222"
2016,4,GAMBIA,GM,0
2016,4,GEORGIA,GE,"174,455"
2016,4,GHANA,GH,"20,517,350"
2016,4,GIBRALTAR,GI,0
2016,4,GREECE,GR,"10,683,553"
2016,4,GRENADA,GD,0
2016,4,GUADELOUPE,GP,0
2016,4,GUAM,GU,"25,863"
2016,4,GUATEMALA,GT,"18,645,761"
2016,4,GUINEA,GN,"1,092"
2016,4,GUINEA-BISSAU,GW,0
2016,4,GUYANA,GY,"57,630"
2016,4,HAITI,HT,"57,206"
2016,4,HONDURAS,HN,"197,380"
2016,4,HONG KONG,HK,"269,718,257"
2016,4,HUNGARY,HU,"9,990,529"
2016,4,ICELAND,IS,"359,782"
2016,4,INDIA,IN,"256,107,434"
2016,4,IRAQ,IQ,0
2016,4,IRELAND,IE,"31,366,260"
2016,4,ISLAMIC REP. OF IRAN,IR,"3,528,004"
2016,4,ITALY,IT,"95,748,759"
2016,4,JAMAICA,JM,0
2016,4,JAPAN,JP,"1,177,036,733"
2016,4,JORDAN,JO,"6,517,722"
2016,4,KAZAKHSTAN,KZ,"159,302"
2016,4,KENYA,KE,"440,533"
2016,4,KIRIBATI,KI,0
2016,4,KUWAIT,KW,"36,381,876"
2016,4,KYRGYZSTAN,KG,"35,004"
2016,4,LATVIA,LV,"733,514"
2016,4,LEBANON,LB,"459,187"
2016,4,LESOTHO,LS,0
2016,4,LIBERIA,LR,"745,360"
2016,4,LIBYAN ARAB JAMAHIRIYA,LY,"106,489"
2016,4,LIECHTENSTEIN,LI,"20,935"
2016,4,LITHUANIA,LT,"4,434,192"
2016,4,LUXEMBOURG,LU,"1,653,365"
2016,4,MACAU,MO,"742,573"
2016,4,MACEDONIA,MK,"283,092"
2016,4,MADAGASCAR,MG,"961,358"
2016,4,MALAWI,MW,"657,133"
2016,4,"MALAYSIA, PENINSULAR",MY,"1,764,256"
2016,4,MALDIVES,MV,"12,774"
2016,4,MALI,ML,0
2016,4,MALTA,MT,"4,274,897"
2016,4,MARSHALL ISLANDS,MH,0
2016,4,MARTINIQUE,MQ,0
2016,4,MAURITANIA,MR,"35,241"
2016,4,MAURITIUS,MU,"513,272"
2016,4,MAYOTTE,YT,0
2016,4,MEXICO,MX,"24,316,231"
2016,4,MONACO,MC,0
2016,4,MONTENEGRO,ME,"2,925"
2016,4,MOROCCO,MA,"1,991,761"
2016,4,MOZAMBIQUE,MZ,"349,020"
2016,4,NAMIBIA,NA,"337,842"
2016,4,NAURU,NR,0
2016,4,NEPAL,NP,"19,728"
2016,4,NETHERLANDS,NL,"154,364,350"
2016,4,NEW CALEDONIA,NC,0
2016,4,NEW ZEALAND,NZ,"51,235,381"
2016,4,NICARAGUA,NI,"69,258"
2016,4,NIGER,NE,0
2016,4,NIGERIA,NG,"6,367,461"
2016,4,NORFOLK ISLAND,NF,"52,638"
2016,4,NORTHERN MARIANA ISLANDS,MP,428
2016,4,NORWAY,NO,"39,905,731"
2016,4,OMAN,OM,"11,173,991"
2016,4,"OTHER COUNTRIES, NES.",ZZ,"136,090,117"
2016,4,PAKISTAN,PK,"21,177,577"
2016,4,PALAU,PW,0
2016,4,PALESTINE,PS,"14,356"
2016,4,PANAMA,PA,"45,514"
2016,4,PAPUA NEW GUINEA,PG,"3,125,434"
2016,4,PARAGUAY,PY,"1,798"
2016,4,PEOPLE'S DEM. REP. LAO,LA,"252,349"
2016,4,PEOPLE'S REP. OF MONGOLIA,MN,"4,081"
2016,4,PEOPLE'S REPUBLIC OF CHINA,CN,"2,767,972,926"
2016,4,PERU,PE,"1,772,062"
2016,4,PHILIPPINES,PH,"136,573,637"
2016,4,POLAND,PL,"13,746,493"
2016,4,PORTUGAL,PT,"3,477,004"
2016,4,PUERTO RICO,PR,"549,785"
2016,4,QATAR,QA,"11,365,581"
2016,4,REPUBLIC OF INDONESIA,ID,"617,180,683"
2016,4,REPUBLIC OF KOREA,KR,"619,332,031"
2016,4,REPUBLIC OF MOLDOVA,MD,"290,722"
2016,4,REPUBLIC OF SINGAPORE,SG,"1,388,198,618"
2016,4,REPUBLIC OF SOUTH AFRICA,ZA,"27,408,897"
2016,4,REPUBLIC OF SRI LANKA,LK,"3,903,783"
2016,4,REPUBLIC OF YEMEN,YE,"881,989"
2016,4,REUNION ISLANDS,RE,0
2016,4,ROMANIA,RO,"2,385,376"
2016,4,RUSSIAN FEDERATION,RU,"68,454,577"
2016,4,RWANDA,RW,"712,600"
2016,4,SAINT KITTS & NEVIS,KN,0
2016,4,SAINT LUCIA,LC,0
2016,4,SAINT VINCENT/GRENADINES,VC,0
2016,4,SAO TOME AND PRINCIPE,ST,0
2016,4,SAUDI ARABIA,SA,"212,331,591"
2016,4,SENEGAL,SN,"3,162,723"
2016,4,SERBIA,RS,"520,832"
2016,4,SEYCHELLES,SC,"45,489"
2016,4,SIERRA LEONE,SL,0
2016,4,SLOVAKIA,SK,"3,601,169"
2016,4,SLOVENIA,SI,"2,321,285"
2016,4,SOCIALIST REP. OF VIET NAM,VN,"248,200,417"
2016,4,SOLOMON ISLANDS,SB,"59,979"
2016,4,SOMALIA,SO,0
2016,4,SPAIN,ES,"33,385,947"
2016,4,SUDAN,SD,"36,822"
2016,4,SURINAME,SR,"61,782"
2016,4,SW,SW,"1,715,802"
2016,4,SWAZILAND,SZ,0
2016,4,SWEDEN,SE,"35,835,164"
2016,4,SWITZERLAND,CH,"96,460,843"
2016,4,SYRIAN ARAB REPUBLIC,SY,0
2016,4,TAIWAN,TW,"793,614,657"
2016,4,TAJIKISTAN,TJ,0
2016,4,THAILAND,TH,"843,203,150"
2016,4,TIMOR LESTE,TL,"32,156"
2016,4,TOGO,TG,0
2016,4,TOKELAU,TK,"25,473"
2016,4,TONGA,TO,"2,754"
2016,4,TRINIDAD AND TOBAGO,TT,"4,810"
2016,4,TUNISIA,TN,"5,283,650"
2016,4,TURKEY,TR,"20,617,625"
2016,4,TURKMENISTAN,TM,"1,088"
2016,4,TUVALU,TV,0
2016,4,U.S. MINOR OUTLYING ISLANDS,UM,0
2016,4,UGANDA,UG,"2,728,814"
2016,4,UKRAINE,UA,"4,756,750"
2016,4,UNION OF MYANMAR,MM,"14,400,694"
2016,4,UNITED ARAB EMIRATES,AE,"175,116,697"
2016,4,UNITED KINGDOM,GB,"139,060,136"
2016,4,UNITED REP. OF TANZANIA,TZ,"7,911,293"
2016,4,UNITED STATES OF AMERICA,US,"1,148,798,267"
2016,4,URUGUAY,UY,"810,962"
2016,4,UZBEKISTAN,UZ,0
2016,4,VANUATU,VU,"20,181"
2016,4,VENEZUELA,VE,"15,759,669"
2016,4,WESTERN SAMOA,WS,0
2016,4,ZAMBIA,ZM,"125,274"
2016,4,ZIMBABWE,ZW,"317,518"
2016,5,AFGHANISTAN,AF,"31,773"
2016,5,ALBANIA,AL,"63,337"
2016,5,ALGERIA,DZ,"100,887"
2016,5,AMERICAN SAMOA,AS,"20,771"
2016,5,ANDORRA,AD,882
2016,5,ANGOLA,AO,"30,939"
2016,5,ANGUILLA,AI,0
2016,5,ANTIGUA & BARBUDA,AG,"16,820"
2016,5,ARGENTINA,AR,"36,429,202"
2016,5,ARMENIA,AM,0
2016,5,ARUBA,AW,0
2016,5,AUSTRALIA,AU,"335,115,065"
2016,5,AUSTRIA,AT,"50,697,208"
2016,5,AZERBAIJAN,AZ,0
2016,5,BAHAMAS,BS,0
2016,5,BAHRAIN,BH,"30,199,108"
2016,5,BANGLADESH,BD,"16,755,738"
2016,5,BARBADOS,BB,"3,460"
2016,5,BELARUS,BY,"4,762,635"
2016,5,BELGIUM,BE,"101,149,614"
2016,5,BELIZE,BZ,0
2016,5,BENIN,BJ,"13,278"
2016,5,BERMUDA,BM,0
2016,5,BHUTAN,BT,270
2016,5,BOLIVIA,BO,"841,645"
2016,5,BOSNIA - HERZEGOVINA,BA,"3,173"
2016,5,BOTSWANA,BW,0
2016,5,BRAZIL,BR,"66,587,192"
2016,5,BRITISH VIRGIN ISLANDS,VG,"120,321"
2016,5,BRUNEI DARUSSALAM,BN,"23,515,462"
2016,5,BULGARIA,BG,"2,001,621"
2016,5,BURKINA FASO,BF,"295,770"
2016,5,CAMBODIA,KH,"10,647,224"
2016,5,CAMEROON,CM,"3,904,574"
2016,5,CANADA,CA,"70,043,078"
2016,5,CAPE VERDE,CV,0
2016,5,CAYMAN ISLANDS,KY,0
2016,5,CENTRAL AFRICAN REPUBLIC,CF,0
2016,5,CHAD,TD,0
2016,5,CHILE,CL,"11,392,618"
2016,5,CHRISTMAS ISLAND (IND.OCEAN),CX,0
2016,5,COLOMBIA,CO,"1,139,859"
2016,5,COMOROS,KM,0
2016,5,CONGO,CG,"857,919"
2016,5,"CONGO, THE DEMOCRATIC REPUBLIC (ZAIRE)",CD,"3,786,231"
2016,5,COOK ISLANDS,CK,0
2016,5,COSTA RICA,CR,"1,406,829"
2016,5,COTE D'IVOIRE,CI,"25,069,548"
2016,5,CROATIA,HR,"3,532,986"
2016,5,CUBA,CU,"177,033"
2016,5,CURACAO,CW,0
2016,5,CYPRUS,CY,"2,559,587"
2016,5,CZECH REPUBLIC,CZ,"19,251,452"
2016,5,DEM. PEOPLE'S REP. OF KOREA,KP,"44,257"
2016,5,DENMARK,DK,"17,256,351"
2016,5,DJIBOUTI,DJ,0
2016,5,DOMINICA,DM,0
2016,5,DOMINICAN REPUBLIC,DO,"96,280"
2016,5,ECUADOR,EC,"3,647,565"
2016,5,EGYPT,EG,"7,610,478"
2016,5,EL SALVADOR,SV,"161,132"
2016,5,EQUATORIAL GUINEA,GQ,0
2016,5,ERITREA,ER,0
2016,5,ESTONIA,EE,"907,703"
2016,5,ETHIOPIA,ET,"341,522"
2016,5,FED. STATES OF MICRONESIA,FM,"8,438"
2016,5,FEDERAL REPUBLIC OF GERMANY,DE,"471,104,322"
2016,5,FIJI,FJ,"116,999"
2016,5,FINLAND,FI,"13,492,900"
2016,5,FRANCE,FR,"433,127,673"
2016,5,FRENCH GUIANA,GF,0
2016,5,FRENCH POLYNESIA,PF,0
2016,5,GABON,GA,"25,679,877"
2016,5,GAMBIA,GM,0
2016,5,GEORGIA,GE,"104,284"
2016,5,GHANA,GH,"22,904,357"
2016,5,GIBRALTAR,GI,0
2016,5,GREECE,GR,"559,089"
2016,5,GREENLAND,GL,"7,421"
2016,5,GRENADA,GD,0
2016,5,GUADELOUPE,GP,0
2016,5,GUAM,GU,"10,983"
2016,5,GUATEMALA,GT,"125,290"
2016,5,GUINEA,GN,"207,488"
2016,5,GUINEA-BISSAU,GW,0
2016,5,GUYANA,GY,"93,020"
2016,5,HAITI,HT,"2,055"
2016,5,HONDURAS,HN,"33,030"
2016,5,HONG KONG,HK,"264,430,355"
2016,5,HUNGARY,HU,"12,196,022"
2016,5,ICELAND,IS,"154,591"
2016,5,INDIA,IN,"300,388,422"
2016,5,IRAQ,IQ,"56,562"
2016,5,IRELAND,IE,"50,118,032"
2016,5,ISLAMIC REP. OF IRAN,IR,"4,034,330"
2016,5,ITALY,IT,"135,613,773"
2016,5,JAMAICA,JM,"7,310"
2016,5,JAPAN,JP,"1,024,259,595"
2016,5,JORDAN,JO,"1,232,139"
2016,5,KAZAKHSTAN,KZ,"1,301"
2016,5,KENYA,KE,"798,256"
2016,5,KIRIBATI,KI,0
2016,5,KUWAIT,KW,"16,349,442"
2016,5,KYRGYZSTAN,KG,0
2016,5,LATVIA,LV,"492,818"
2016,5,LEBANON,LB,"1,774,155"
2016,5,LESOTHO,LS,"21,998"
2016,5,LIBERIA,LR,"1,742"
2016,5,LIBYAN ARAB JAMAHIRIYA,LY,"158,190"
2016,5,LIECHTENSTEIN,LI,"6,490"
2016,5,LITHUANIA,LT,"6,730,219"
2016,5,LUXEMBOURG,LU,"4,026,759"
2016,5,MACAU,MO,"1,037,829"
2016,5,MACEDONIA,MK,"230,052"
2016,5,MADAGASCAR,MG,"561,601"
2016,5,MALAWI,MW,"351,234"
2016,5,"MALAYSIA, PENINSULAR",MY,"1,408,380"
2016,5,MALDIVES,MV,"5,935"
2016,5,MALI,ML,"10,124"
2016,5,MALTA,MT,"2,548,776"
2016,5,MARSHALL ISLANDS,MH,0
2016,5,MARTINIQUE,MQ,0
2016,5,MAURITANIA,MR,668
2016,5,MAURITIUS,MU,"158,964"
2016,5,MAYOTTE,YT,0
2016,5,MEXICO,MX,"29,811,057"
2016,5,MONACO,MC,"2,324"
2016,5,MONTENEGRO,ME,"12,935"
2016,5,MOROCCO,MA,"1,614,007"
2016,5,MOZAMBIQUE,MZ,"85,395"
2016,5,NAMIBIA,NA,0
2016,5,NEPAL,NP,"60,310"
2016,5,NETHERLANDS,NL,"162,666,757"
2016,5,NEW CALEDONIA,NC,"5,035"
2016,5,NEW ZEALAND,NZ,"60,611,898"
2016,5,NICARAGUA,NI,"51,833"
2016,5,NIGER,NE,0
2016,5,NIGERIA,NG,"7,120,393"
2016,5,NORFOLK ISLAND,NF,0
2016,5,NORTHERN MARIANA ISLANDS,MP,0
2016,5,NORWAY,NO,"14,542,134"
2016,5,OMAN,OM,"19,987,501"
2016,5,"OTHER COUNTRIES, NES.",ZZ,"101,714,148"
2016,5,PAKISTAN,PK,"15,999,055"
2016,5,PALAU,PW,0
2016,5,PALESTINE,PS,"10,047"
2016,5,PANAMA,PA,"97,815"
2016,5,PAPUA NEW GUINEA,PG,"7,199,631"
2016,5,PARAGUAY,PY,"1,485,705"
2016,5,PEOPLE'S DEM. REP. LAO,LA,"364,654"
2016,5,PEOPLE'S REP. OF MONGOLIA,MN,"3,848"
2016,5,PEOPLE'S REPUBLIC OF CHINA,CN,"2,959,664,158"
2016,5,PERU,PE,"3,783,676"
2016,5,PHILIPPINES,PH,"123,431,004"
2016,5,POLAND,PL,"16,921,798"
2016,5,PORTUGAL,PT,"3,384,521"
2016,5,PUERTO RICO,PR,"688,918"
2016,5,QATAR,QA,"27,496,396"
2016,5,REPUBLIC OF INDONESIA,ID,"545,120,275"
2016,5,REPUBLIC OF KOREA,KR,"727,267,626"
2016,5,REPUBLIC OF MOLDOVA,MD,"334,934"
2016,5,REPUBLIC OF SINGAPORE,SG,"1,372,566,851"
2016,5,REPUBLIC OF SOUTH AFRICA,ZA,"37,841,072"
2016,5,REPUBLIC OF SRI LANKA,LK,"3,975,610"
2016,5,REPUBLIC OF YEMEN,YE,"1,140,267"
2016,5,REUNION ISLANDS,RE,0
2016,5,ROMANIA,RO,"1,661,769"
2016,5,RUSSIAN FEDERATION,RU,"46,227,620"
2016,5,RWANDA,RW,"1,963,129"
2016,5,SAINT KITTS & NEVIS,KN,0
2016,5,SAINT LUCIA,LC,0
2016,5,SAINT VINCENT/GRENADINES,VC,0
2016,5,SAO TOME AND PRINCIPE,ST,0
2016,5,SAUDI ARABIA,SA,"219,877,441"
2016,5,SENEGAL,SN,"254,790"
2016,5,SERBIA,RS,"158,059"
2016,5,SEYCHELLES,SC,298
2016,5,SIERRA LEONE,SL,0
2016,5,SLOVAKIA,SK,"2,604,343"
2016,5,SLOVENIA,SI,"2,365,965"
2016,5,SOCIALIST REP. OF VIET NAM,VN,"349,859,205"
2016,5,SOLOMON ISLANDS,SB,"1,850,858"
2016,5,SOMALIA,SO,0
2016,5,SPAIN,ES,"42,327,708"
2016,5,SUDAN,SD,"61,079"
2016,5,SURINAME,SR,"47,078"
2016,5,SWAZILAND,SZ,"71,251"
2016,5,SWEDEN,SE,"44,729,347"
2016,5,SWITZERLAND,CH,"144,848,345"
2016,5,SYRIAN ARAB REPUBLIC,SY,"25,294"
2016,5,TAIWAN,TW,"827,029,746"
2016,5,TAJIKISTAN,TJ,0
2016,5,THAILAND,TH,"876,145,593"
2016,5,TIMOR LESTE,TL,"6,558"
2016,5,TOGO,TG,"5,679"
2016,5,TONGA,TO,0
2016,5,TRINIDAD AND TOBAGO,TT,"6,658"
2016,5,TUNISIA,TN,"6,924,746"
2016,5,TURKEY,TR,"18,884,315"
2016,5,TURKMENISTAN,TM,"5,156"
2016,5,TURKS AND CAICOS ISLANDS,TC,0
2016,5,TUVALU,TV,"1,091"
2016,5,U.S. MINOR OUTLYING ISLANDS,UM,0
2016,5,UGANDA,UG,"6,115,055"
2016,5,UKRAINE,UA,"7,558,498"
2016,5,UNION OF MYANMAR,MM,"20,824,832"
2016,5,UNITED ARAB EMIRATES,AE,"185,310,923"
2016,5,UNITED KINGDOM,GB,"130,688,807"
2016,5,UNITED REP. OF TANZANIA,TZ,"1,290,892"
2016,5,UNITED STATES OF AMERICA,US,"1,168,632,987"
2016,5,UNITED STATES VIRGIN ISLANDS,VI,610
2016,5,URUGUAY,UY,"403,569"
2016,5,UZBEKISTAN,UZ,"20,660"
2016,5,VANUATU,VU,"255,827"
2016,5,VENEZUELA,VE,"18,250,552"
2016,5,WESTERN SAMOA,WS,"164,583"
2016,5,ZAMBIA,ZM,"302,394"
2016,5,ZIMBABWE,ZW,"2,200"
2016,6,AFGHANISTAN,AF,"2,604"
2016,6,ALBANIA,AL,"25,349"
2016,6,ALGERIA,DZ,"96,747"
2016,6,AMERICAN SAMOA,AS,0
2016,6,ANDORRA,AD,0
2016,6,ANGOLA,AO,"59,634"
2016,6,ANTIGUA & BARBUDA,AG,0
2016,6,ARGENTINA,AR,"103,244,884"
2016,6,ARMENIA,AM,"8,361"
2016,6,ARUBA,AW,0
2016,6,AUSTRALIA,AU,"320,865,885"
2016,6,AUSTRIA,AT,"53,102,663"
2016,6,AZERBAIJAN,AZ,"32,512"
2016,6,BAHAMAS,BS,"7,048"
2016,6,BAHRAIN,BH,"2,812,351"
2016,6,BANGLADESH,BD,"19,622,759"
2016,6,BARBADOS,BB,"4,847"
2016,6,BELARUS,BY,"2,831,799"
2016,6,BELGIUM,BE,"60,048,915"
2016,6,BELIZE,BZ,"20,748"
2016,6,BENIN,BJ,0
2016,6,BERMUDA,BM,0
2016,6,BHUTAN,BT,0
2016,6,BOLIVIA,BO,"1,322,644"
2016,6,BOSNIA - HERZEGOVINA,BA,"6,047"
2016,6,BOTSWANA,BW,0
2016,6,BRAZIL,BR,"139,246,112"
2016,6,BRITISH INDIAN OCEAN TERR.,IO,0
2016,6,BRITISH VIRGIN ISLANDS,VG,"105,990"
2016,6,BRUNEI DARUSSALAM,BN,"17,536,627"
2016,6,BULGARIA,BG,"2,614,344"
2016,6,BURKINA FASO,BF,0
2016,6,CAMBODIA,KH,"12,023,599"
2016,6,CAMEROON,CM,"6,061,119"
2016,6,CANADA,CA,"50,645,183"
2016,6,CAPE VERDE,CV,0
2016,6,CAYMAN ISLANDS,KY,0
2016,6,CENTRAL AFRICAN REPUBLIC,CF,0
2016,6,CHAD,TD,0
2016,6,CHILE,CL,"4,945,923"
2016,6,CHRISTMAS ISLAND (IND.OCEAN),CX,"741,277"
2016,6,COLOMBIA,CO,"2,511,332"
2016,6,COMOROS,KM,0
2016,6,CONGO,CG,"3,684,018"
2016,6,"CONGO, THE DEMOCRATIC REPUBLIC (ZAIRE)",CD,"5,068,603"
2016,6,COSTA RICA,CR,"2,311,701"
2016,6,COTE D'IVOIRE,CI,"9,262,398"
2016,6,CROATIA,HR,"220,344"
2016,6,CUBA,CU,"181,116"
2016,6,CURACAO,CW,"4,402"
2016,6,CYPRUS,CY,"509,013"
2016,6,CZECH REPUBLIC,CZ,"16,124,264"
2016,6,DEM. PEOPLE'S REP. OF KOREA,KP,"209,488"
2016,6,DENMARK,DK,"17,939,384"
2016,6,DJIBOUTI,DJ,0
2016,6,DOMINICA,DM,0
2016,6,DOMINICAN REPUBLIC,DO,"90,078"
2016,6,ECUADOR,EC,"5,909,532"
2016,6,EGYPT,EG,"25,024,599"
2016,6,EL SALVADOR,SV,0
2016,6,EQUATORIAL GUINEA,GQ,0
2016,6,ESTONIA,EE,"641,745"
2016,6,ETHIOPIA,ET,"13,361"
2016,6,FED. STATES OF MICRONESIA,FM,0
2016,6,FEDERAL REPUBLIC OF GERMANY,DE,"483,866,340"
2016,6,FIJI,FJ,"26,267"
2016,6,FINLAND,FI,"15,496,658"
2016,6,FRANCE,FR,"117,007,372"
2016,6,FRENCH POLYNESIA,PF,0
2016,6,GABON,GA,"27,514"
2016,6,GAMBIA,GM,0
2016,6,GEORGIA,GE,"578,274"
2016,6,GHANA,GH,"14,950,425"
2016,6,GIBRALTAR,GI,0
2016,6,GREECE,GR,"1,316,098"
2016,6,GREENLAND,GL,"2,370"
2016,6,GRENADA,GD,"93,426"
2016,6,GUADELOUPE,GP,"16,258"
2016,6,GUAM,GU,"4,666"
2016,6,GUATEMALA,GT,"1,828,224"
2016,6,GUINEA,GN,0
2016,6,GUINEA-BISSAU,GW,0
2016,6,GUYANA,GY,"74,607"
2016,6,HAITI,HT,"2,623"
2016,6,HONDURAS,HN,"60,596"
2016,6,HONG KONG,HK,"234,167,414"
2016,6,HUNGARY,HU,"14,835,464"
2016,6,ICELAND,IS,"16,970"
2016,6,INDIA,IN,"277,290,863"
2016,6,IRAQ,IQ,"381,136"
2016,6,IRELAND,IE,"53,108,316"
2016,6,ISLAMIC REP. OF IRAN,IR,"2,515,991"
2016,6,ITALY,IT,"138,947,453"
2016,6,JAMAICA,JM,"33,370"
2016,6,JAPAN,JP,"1,220,115,112"
2016,6,JORDAN,JO,"9,589,956"
2016,6,KAZAKHSTAN,KZ,"608,892"
2016,6,KENYA,KE,"785,392"
2016,6,KIRIBATI,KI,0
2016,6,KUWAIT,KW,"35,677,280"
2016,6,KYRGYZSTAN,KG,0
2016,6,LATVIA,LV,"3,623,799"
2016,6,LEBANON,LB,"521,634"
2016,6,LESOTHO,LS,"1,958"
2016,6,LIBERIA,LR,"306,281"
2016,6,LIBYAN ARAB JAMAHIRIYA,LY,"86,098"
2016,6,LIECHTENSTEIN,LI,"31,770"
2016,6,LITHUANIA,LT,"1,690,383"
2016,6,LUXEMBOURG,LU,"1,029,492"
2016,6,MACAU,MO,"1,253,267"
2016,6,MACEDONIA,MK,"188,918"
2016,6,MADAGASCAR,MG,"558,184"
2016,6,MALAWI,MW,"805,511"
2016,6,"MALAYSIA, PENINSULAR",MY,"1,264,575"
2016,6,MALDIVES,MV,"1,435"
2016,6,MALI,ML,0
2016,6,MALTA,MT,"2,916,536"
2016,6,MARSHALL ISLANDS,MH,0
2016,6,MARTINIQUE,MQ,0
2016,6,MAURITANIA,MR,393
2016,6,MAURITIUS,MU,"125,143"
2016,6,MAYOTTE,YT,0
2016,6,MEXICO,MX,"28,567,108"
2016,6,MONACO,MC,115
2016,6,MONTENEGRO,ME,0
2016,6,MOROCCO,MA,"1,844,071"
2016,6,MOZAMBIQUE,MZ,"462,392"
2016,6,NAMIBIA,NA,"65,484"
2016,6,NEPAL,NP,"53,411"
2016,6,NETHERLANDS,NL,"151,858,655"
2016,6,NEW CALEDONIA,NC,0
2016,6,NEW ZEALAND,NZ,"54,199,274"
2016,6,NICARAGUA,NI,"79,306"
2016,6,NIGER,NE,0
2016,6,NIGERIA,NG,"11,280,738"
2016,6,NORFOLK ISLAND,NF,0
2016,6,NORTHERN MARIANA ISLANDS,MP,0
2016,6,NORWAY,NO,"11,372,916"
2016,6,OMAN,OM,"15,036,892"
2016,6,"OTHER COUNTRIES, NES.",ZZ,"175,696,573"
2016,6,PAKISTAN,PK,"13,924,497"
2016,6,PALAU,PW,0
2016,6,PALESTINE,PS,"11,561"
2016,6,PANAMA,PA,"401,686"
2016,6,PAPUA NEW GUINEA,PG,"12,739,544"
2016,6,PARAGUAY,PY,"1,906,967"
2016,6,PEOPLE'S DEM. REP. LAO,LA,"464,223"
2016,6,PEOPLE'S REP. OF MONGOLIA,MN,906
2016,6,PEOPLE'S REPUBLIC OF CHINA,CN,"3,236,289,669"
2016,6,PERU,PE,"7,385,567"
2016,6,PHILIPPINES,PH,"135,825,087"
2016,6,POLAND,PL,"15,064,285"
2016,6,PORTUGAL,PT,"2,657,680"
2016,6,PUERTO RICO,PR,"275,525"
2016,6,QATAR,QA,"30,469,557"
2016,6,REPUBLIC OF INDONESIA,ID,"605,708,649"
2016,6,REPUBLIC OF KOREA,KR,"672,025,557"
2016,6,REPUBLIC OF MOLDOVA,MD,"485,478"
2016,6,REPUBLIC OF SINGAPORE,SG,"1,665,229,749"
2016,6,REPUBLIC OF SOUTH AFRICA,ZA,"43,361,704"
2016,6,REPUBLIC OF SRI LANKA,LK,"8,545,876"
2016,6,REPUBLIC OF YEMEN,YE,"819,658"
2016,6,REUNION ISLANDS,RE,0
2016,6,ROMANIA,RO,"2,078,895"
2016,6,RUSSIAN FEDERATION,RU,"122,132,902"
2016,6,RWANDA,RW,"1,403,865"
2016,6,SAINT LUCIA,LC,0
2016,6,SAUDI ARABIA,SA,"234,811,675"
2016,6,SENEGAL,SN,0
2016,6,SERBIA,RS,"80,697"
2016,6,SEYCHELLES,SC,"36,982"
2016,6,SIERRA LEONE,SL,"2,273"
2016,6,SINT MAARTEN (DUTCH PART),SX,0
2016,6,SLOVAKIA,SK,"2,389,216"
2016,6,SLOVENIA,SI,"1,520,146"
2016,6,SOCIALIST REP. OF VIET NAM,VN,"452,422,506"
2016,6,SOLOMON ISLANDS,SB,"1,832,828"
2016,6,SOMALIA,SO,0
2016,6,SPAIN,ES,"40,704,034"
2016,6,SUDAN,SD,"36,702"
2016,6,SURINAME,SR,"44,728"
2016,6,SWAZILAND,SZ,"3,084"
2016,6,SWEDEN,SE,"44,530,356"
2016,6,SWITZERLAND,CH,"131,850,851"
2016,6,SYRIAN ARAB REPUBLIC,SY,"15,061"
2016,6,TAIWAN,TW,"854,475,158"
2016,6,TAJIKISTAN,TJ,"1,925"
2016,6,THAILAND,TH,"854,026,088"
2016,6,TIMOR LESTE,TL,"38,339"
2016,6,TOGO,TG,0
2016,6,TOKELAU,TK,"3,786"
2016,6,TONGA,TO,0
2016,6,TRINIDAD AND TOBAGO,TT,"72,640"
2016,6,TUNISIA,TN,"1,183,759"
2016,6,TURKEY,TR,"35,780,698"
2016,6,TURKMENISTAN,TM,"1,856"
2016,6,TUVALU,TV,"2,779"
2016,6,U.S. MINOR OUTLYING ISLANDS,UM,0
2016,6,UGANDA,UG,"4,383,710"
2016,6,UKRAINE,UA,"5,560,599"
2016,6,UNION OF MYANMAR,MM,"16,754,431"
2016,6,UNITED ARAB EMIRATES,AE,"219,530,373"
2016,6,UNITED KINGDOM,GB,"143,218,975"
2016,6,UNITED REP. OF TANZANIA,TZ,"30,763,860"
2016,6,UNITED STATES OF AMERICA,US,"1,244,753,884"
2016,6,UNITED STATES VIRGIN ISLANDS,VI,"136,582"
2016,6,URUGUAY,UY,"2,621,517"
2016,6,UZBEKISTAN,UZ,"72,910"
2016,6,VANUATU,VU,"106,910"
2016,6,VENEZUELA,VE,"27,178,848"
2016,6,WESTERN SAMOA,WS,0
2016,6,ZAMBIA,ZM,"569,239"
2016,6,ZIMBABWE,ZW,"205,830"
2016,7,AFGHANISTAN,AF,"4,951"
2016,7,ALBANIA,AL,"21,406"
2016,7,ALGERIA,DZ,"472,405"
2016,7,AMERICAN SAMOA,AS,0
2016,7,ANDORRA,AD,0
2016,7,ANGOLA,AO,"215,189"
2016,7,ANTIGUA & BARBUDA,AG,0
2016,7,ARGENTINA,AR,"72,053,450"
2016,7,ARMENIA,AM,"2,399"
2016,7,ARUBA,AW,"1,359"
2016,7,AUSTRALIA,AU,"233,069,262"
2016,7,AUSTRIA,AT,"43,613,242"
2016,7,AZERBAIJAN,AZ,"1,805"
2016,7,BAHAMAS,BS,"2,183"
2016,7,BAHRAIN,BH,"1,959,410"
2016,7,BANGLADESH,BD,"13,084,999"
2016,7,BARBADOS,BB,"11,165"
2016,7,BELARUS,BY,"5,976,450"
2016,7,BELGIUM,BE,"45,936,269"
2016,7,BELIZE,BZ,0
2016,7,BENIN,BJ,0
2016,7,BERMUDA,BM,0
2016,7,BHUTAN,BT,"1,523"
2016,7,BOLIVIA,BO,"447,505"
2016,7,BOSNIA - HERZEGOVINA,BA,0
2016,7,BOTSWANA,BW,0
2016,7,BRAZIL,BR,"150,131,172"
2016,7,BRITISH VIRGIN ISLANDS,VG,0
2016,7,BRUNEI DARUSSALAM,BN,"4,068,111"
2016,7,BULGARIA,BG,"2,525,391"
2016,7,BURKINA FASO,BF,"891,320"
2016,7,BURUNDI,BI,0
2016,7,CAMBODIA,KH,"8,126,344"
2016,7,CAMEROON,CM,"5,980,656"
2016,7,CANADA,CA,"45,201,004"
2016,7,CAPE VERDE,CV,0
2016,7,CAYMAN ISLANDS,KY,0
2016,7,CENTRAL AFRICAN REPUBLIC,CF,"21,390"
2016,7,CHAD,TD,0
2016,7,CHILE,CL,"2,887,808"
2016,7,CHRISTMAS ISLAND (IND.OCEAN),CX,"572,316"
2016,7,COLOMBIA,CO,"664,565"
2016,7,COMOROS,KM,0
2016,7,CONGO,CG,"795,208"
2016,7,"CONGO, THE DEMOCRATIC REPUBLIC (ZAIRE)",CD,"6,048,701"
2016,7,COOK ISLANDS,CK,0
2016,7,COSTA RICA,CR,"1,661,011"
2016,7,COTE D'IVOIRE,CI,"15,196,486"
2016,7,CROATIA,HR,"872,451"
2016,7,CUBA,CU,"225,373"
2016,7,CURACAO,CW,"19,294"
2016,7,CYPRUS,CY,"202,009"
2016,7,CZECH REPUBLIC,CZ,"16,885,691"
2016,7,DEM. PEOPLE'S REP. OF KOREA,KP,"64,975"
2016,7,DENMARK,DK,"19,475,460"
2016,7,DJIBOUTI,DJ,0
2016,7,DOMINICA,DM,0
2016,7,DOMINICAN REPUBLIC,DO,"777,465"
2016,7,ECUADOR,EC,"2,621,523"
2016,7,EGYPT,EG,"16,959,285"
2016,7,EL SALVADOR,SV,"143,137"
2016,7,EQUATORIAL GUINEA,GQ,0
2016,7,ERITREA,ER,0
2016,7,ESTONIA,EE,"364,882"
2016,7,ETHIOPIA,ET,"70,969"
2016,7,FED. STATES OF MICRONESIA,FM,0
2016,7,FEDERAL REPUBLIC OF GERMANY,DE,"512,369,614"
2016,7,FIJI,FJ,"238,964"
2016,7,FINLAND,FI,"14,745,936"
2016,7,FRANCE,FR,"167,781,675"
2016,7,FRENCH GUIANA,GF,0
2016,7,FRENCH POLYNESIA,PF,0
2016,7,FRENCH SOUTHERN TERR.,TF,0
2016,7,GABON,GA,"69,348"
2016,7,GAMBIA,GM,0
2016,7,GEORGIA,GE,"511,914"
2016,7,GHANA,GH,"17,555,378"
2016,7,GIBRALTAR,GI,0
2016,7,GREECE,GR,"1,091,964"
2016,7,GRENADA,GD,"15,317"
2016,7,GUADELOUPE,GP,"3,377"
2016,7,GUAM,GU,510
2016,7,GUATEMALA,GT,"1,650,853"
2016,7,GUINEA,GN,0
2016,7,GUINEA-BISSAU,GW,0
2016,7,GUYANA,GY,"27,843"
2016,7,HAITI,HT,0
2016,7,HONDURAS,HN,"11,451"
2016,7,HONG KONG,HK,"247,383,078"
2016,7,HUNGARY,HU,"10,812,223"
2016,7,ICELAND,IS,48
2016,7,INDIA,IN,"287,900,740"
2016,7,IRAQ,IQ,"18,281,283"
2016,7,IRELAND,IE,"56,974,642"
2016,7,ISLAMIC REP. OF IRAN,IR,"11,733,970"
2016,7,ITALY,IT,"156,739,468"
2016,7,JAMAICA,JM,"25,301"
2016,7,JAPAN,JP,"1,173,324,836"
2016,7,JORDAN,JO,"2,437,553"
2016,7,KAZAKHSTAN,KZ,"94,613"
2016,7,KENYA,KE,"634,234"
2016,7,KIRIBATI,KI,0
2016,7,KUWAIT,KW,"20,553,959"
2016,7,KYRGYZSTAN,KG,0
2016,7,LATVIA,LV,"211,473"
2016,7,LEBANON,LB,"548,852"
2016,7,LESOTHO,LS,0
2016,7,LIBERIA,LR,"1,727,792"
2016,7,LIBYAN ARAB JAMAHIRIYA,LY,"237,387"
2016,7,LIECHTENSTEIN,LI,0
2016,7,LITHUANIA,LT,"957,196"
2016,7,LUXEMBOURG,LU,"930,106"
2016,7,MACAU,MO,"1,157,506"
2016,7,MACEDONIA,MK,"2,815"
2016,7,MADAGASCAR,MG,"321,795"
2016,7,MALAWI,MW,"582,120"
2016,7,"MALAYSIA, PENINSULAR",MY,"1,339,954"
2016,7,MALDIVES,MV,"6,044"
2016,7,MALI,ML,0
2016,7,MALTA,MT,"2,492,016"
2016,7,MARSHALL ISLANDS,MH,0
2016,7,MARTINIQUE,MQ,0
2016,7,MAURITANIA,MR,0
2016,7,MAURITIUS,MU,"471,900"
2016,7,MAYOTTE,YT,0
2016,7,MEXICO,MX,"31,311,559"
2016,7,MONTENEGRO,ME,0
2016,7,MOROCCO,MA,"1,814,691"
2016,7,MOZAMBIQUE,MZ,"267,942"
2016,7,NAMIBIA,NA,"177,356"
2016,7,NAURU,NR,0
2016,7,NEPAL,NP,"24,844"
2016,7,NETHERLANDS,NL,"109,638,298"
2016,7,NEW CALEDONIA,NC,0
2016,7,NEW ZEALAND,NZ,"55,619,936"
2016,7,NICARAGUA,NI,"75,659"
2016,7,NIGER,NE,0
2016,7,NIGERIA,NG,"7,362,723"
2016,7,NORTHERN MARIANA ISLANDS,MP,0
2016,7,NORWAY,NO,"18,784,757"
2016,7,OMAN,OM,"37,337,272"
2016,7,"OTHER COUNTRIES, NES.",ZZ,"198,744,045"
2016,7,PAKISTAN,PK,"15,772,860"
2016,7,PALESTINE,PS,"4,629"
2016,7,PANAMA,PA,"159,332"
2016,7,PAPUA NEW GUINEA,PG,"17,909,685"
2016,7,PARAGUAY,PY,"315,364"
2016,7,PEOPLE'S DEM. REP. LAO,LA,"2,045,501"
2016,7,PEOPLE'S REP. OF MONGOLIA,MN,"1,979"
2016,7,PEOPLE'S REPUBLIC OF CHINA,CN,"2,854,525,531"
2016,7,PERU,PE,"9,972,853"
2016,7,PHILIPPINES,PH,"146,310,317"
2016,7,POLAND,PL,"15,187,405"
2016,7,PORTUGAL,PT,"3,576,158"
2016,7,PUERTO RICO,PR,"648,602"
2016,7,QATAR,QA,"84,381,359"
2016,7,REPUBLIC OF INDONESIA,ID,"465,161,386"
2016,7,REPUBLIC OF KOREA,KR,"1,488,239,262"
2016,7,REPUBLIC OF MOLDOVA,MD,"351,200"
2016,7,REPUBLIC OF SINGAPORE,SG,"1,456,698,375"
2016,7,REPUBLIC OF SOUTH AFRICA,ZA,"24,171,006"
2016,7,REPUBLIC OF SRI LANKA,LK,"4,212,945"
2016,7,REPUBLIC OF YEMEN,YE,"413,995"
2016,7,REUNION ISLANDS,RE,"728,065"
2016,7,ROMANIA,RO,"2,261,618"
2016,7,RUSSIAN FEDERATION,RU,"127,051,560"
2016,7,RWANDA,RW,"1,635,569"
2016,7,SAINT LUCIA,LC,0
2016,7,SAINT VINCENT/GRENADINES,VC,0
2016,7,SAUDI ARABIA,SA,"140,850,069"
2016,7,SENEGAL,SN,"365,841"
2016,7,SERBIA,RS,"71,628"
2016,7,SEYCHELLES,SC,0
2016,7,SIERRA LEONE,SL,0
2016,7,SLOVAKIA,SK,"2,703,269"
2016,7,SLOVENIA,SI,"1,458,369"
2016,7,SOCIALIST REP. OF VIET NAM,VN,"307,849,537"
2016,7,SOLOMON ISLANDS,SB,"3,036,680"
2016,7,SOMALIA,SO,0
2016,7,SPAIN,ES,"38,892,883"
2016,7,SUDAN,SD,"9,964"
2016,7,SURINAME,SR,"100,140"
2016,7,SWAZILAND,SZ,"5,837"
2016,7,SWEDEN,SE,"46,789,424"
2016,7,SWITZERLAND,CH,"83,370,332"
2016,7,SYRIAN ARAB REPUBLIC,SY,"14,234"
2016,7,TAIWAN,TW,"972,191,528"
2016,7,TAJIKISTAN,TJ,0
2016,7,THAILAND,TH,"804,212,689"
2016,7,TIMOR LESTE,TL,"23,243"
2016,7,TOGO,TG,0
2016,7,TONGA,TO,0
2016,7,TRINIDAD AND TOBAGO,TT,"28,088"
2016,7,TUNISIA,TN,"733,329"
2016,7,TURKEY,TR,"43,836,398"
2016,7,TURKMENISTAN,TM,"703,318"
2016,7,TURKS AND CAICOS ISLANDS,TC,0
2016,7,TUVALU,TV,0
2016,7,UGANDA,UG,"870,277"
2016,7,UKRAINE,UA,"5,677,209"
2016,7,UNION OF MYANMAR,MM,"20,668,681"
2016,7,UNITED ARAB EMIRATES,AE,"136,822,639"
2016,7,UNITED KINGDOM,GB,"124,366,584"
2016,7,UNITED REP. OF TANZANIA,TZ,"11,053,798"
2016,7,UNITED STATES OF AMERICA,US,"1,030,601,313"
2016,7,UNITED STATES VIRGIN ISLANDS,VI,"1,437"
2016,7,URUGUAY,UY,"2,496,490"
2016,7,UZBEKISTAN,UZ,267
2016,7,VANUATU,VU,"131,444"
2016,7,VATICAN CITY STATE (HOLYSEE),VA,0
2016,7,VENEZUELA,VE,"23,964,452"
2016,7,WALLIS AND FUTUNA ISLANDS,WF,0
2016,7,WESTERN SAMOA,WS,0
2016,7,ZAMBIA,ZM,"471,855"
2016,7,ZIMBABWE,ZW,"40,834"
2016,8,AFGHANISTAN,AF,"4,567"
2016,8,ALBANIA,AL,"78,112"
2016,8,ALGERIA,DZ,"51,136"
2016,8,AMERICAN SAMOA,AS,0
2016,8,ANGOLA,AO,"223,959"
2016,8,ANTIGUA & BARBUDA,AG,"1,027"
2016,8,ARGENTINA,AR,"114,360,502"
2016,8,ARMENIA,AM,"2,393"
2016,8,ARUBA,AW,0
2016,8,AUSTRALIA,AU,"288,666,682"
2016,8,AUSTRIA,AT,"39,886,864"
2016,8,AZERBAIJAN,AZ,"141,737"
2016,8,BAHAMAS,BS,"4,320"
2016,8,BAHRAIN,BH,"28,440,613"
2016,8,BANGLADESH,BD,"15,644,905"
2016,8,BARBADOS,BB,"4,974"
2016,8,BELARUS,BY,"2,944,370"
2016,8,BELGIUM,BE,"51,207,530"
2016,8,BELIZE,BZ,0
2016,8,BENIN,BJ,0
2016,8,BERMUDA,BM,0
2016,8,BHUTAN,BT,0
2016,8,BOLIVIA,BO,"765,868"
2016,8,BOSNIA - HERZEGOVINA,BA,721
2016,8,BOTSWANA,BW,0
2016,8,BRAZIL,BR,"233,350,118"
2016,8,BRITISH VIRGIN ISLANDS,VG,"30,269"
2016,8,BRUNEI DARUSSALAM,BN,"27,500,807"
2016,8,BULGARIA,BG,"2,808,594"
2016,8,BURKINA FASO,BF,"1,243,363"
2016,8,CAMBODIA,KH,"11,806,981"
2016,8,CAMEROON,CM,"1,982,152"
2016,8,CANADA,CA,"68,937,147"
2016,8,CAYMAN ISLANDS,KY,0
2016,8,CENTRAL AFRICAN REPUBLIC,CF,0
2016,8,CHAD,TD,0
2016,8,CHILE,CL,"4,201,916"
2016,8,CHRISTMAS ISLAND (IND.OCEAN),CX,"1,501,746"
2016,8,COLOMBIA,CO,"3,577,048"
2016,8,COMOROS,KM,0
2016,8,CONGO,CG,"7,075,673"
2016,8,"CONGO, THE DEMOCRATIC REPUBLIC (ZAIRE)",CD,"2,217,278"
2016,8,COOK ISLANDS,CK,0
2016,8,COSTA RICA,CR,"1,785,815"
2016,8,COTE D'IVOIRE,CI,"20,049,596"
2016,8,CROATIA,HR,"4,966,585"
2016,8,CUBA,CU,"116,890"
2016,8,CURACAO,CW,0
2016,8,CYPRUS,CY,"204,208"
2016,8,CZECH REPUBLIC,CZ,"16,636,028"
2016,8,DEM. PEOPLE'S REP. OF KOREA,KP,0
2016,8,DENMARK,DK,"13,911,202"
2016,8,DJIBOUTI,DJ,0
2016,8,DOMINICA,DM,0
2016,8,DOMINICAN REPUBLIC,DO,"309,052"
2016,8,ECUADOR,EC,"3,024,046"
2016,8,EGYPT,EG,"6,143,749"
2016,8,EL SALVADOR,SV,"214,377"
2016,8,EQUATORIAL GUINEA,GQ,0
2016,8,ERITREA,ER,0
2016,8,ESTONIA,EE,"670,705"
2016,8,ETHIOPIA,ET,"13,652"
2016,8,FALKLAND ISLAND (MALVINAS),FK,"110,724"
2016,8,FED. STATES OF MICRONESIA,FM,0
2016,8,FEDERAL REPUBLIC OF GERMANY,DE,"505,834,572"
2016,8,FIJI,FJ,"789,243"
2016,8,FINLAND,FI,"12,627,246"
2016,8,FRANCE,FR,"107,874,590"
2016,8,FRENCH GUIANA,GF,0
2016,8,FRENCH POLYNESIA,PF,0
2016,8,GABON,GA,0
2016,8,GAMBIA,GM,0
2016,8,GEORGIA,GE,"252,307"
2016,8,GHANA,GH,"17,595,603"
2016,8,GREECE,GR,"1,190,130"
2016,8,GRENADA,GD,360
2016,8,GUADELOUPE,GP,0
2016,8,GUAM,GU,0
2016,8,GUATEMALA,GT,"540,469"
2016,8,GUINEA,GN,"553,558"
2016,8,GUINEA-BISSAU,GW,0
2016,8,GUYANA,GY,"1,078,826"
2016,8,HAITI,HT,0
2016,8,HONDURAS,HN,"26,933"
2016,8,HONG KONG,HK,"308,418,882"
2016,8,HUNGARY,HU,"10,579,794"
2016,8,ICELAND,IS,"17,855"
2016,8,INDIA,IN,"398,231,328"
2016,8,IRAQ,IQ,0
2016,8,IRELAND,IE,"56,143,822"
2016,8,ISLAMIC REP. OF IRAN,IR,"2,668,986"
2016,8,ITALY,IT,"113,511,547"
2016,8,JAMAICA,JM,"1,793"
2016,8,JAPAN,JP,"1,188,020,497"
2016,8,JORDAN,JO,"12,062,029"
2016,8,KAZAKHSTAN,KZ,"914,130"
2016,8,KENYA,KE,"1,497,997"
2016,8,KIRIBATI,KI,0
2016,8,KUWAIT,KW,"35,139,458"
2016,8,KYRGYZSTAN,KG,0
2016,8,LATVIA,LV,"2,799,846"
2016,8,LEBANON,LB,"1,349,403"
2016,8,LIBERIA,LR,"3,878,342"
2016,8,LIBYAN ARAB JAMAHIRIYA,LY,"6,549"
2016,8,LIECHTENSTEIN,LI,"309,083"
2016,8,LITHUANIA,LT,"8,631,457"
2016,8,LUXEMBOURG,LU,"997,944"
2016,8,MACAU,MO,"1,538,604"
2016,8,MACEDONIA,MK,0
2016,8,MADAGASCAR,MG,"226,109"
2016,8,MALAWI,MW,"111,805"
2016,8,"MALAYSIA, PENINSULAR",MY,"2,403,605"
2016,8,MALDIVES,MV,"542,319"
2016,8,MALI,ML,0
2016,8,MALTA,MT,"2,694,609"
2016,8,MARSHALL ISLANDS,MH,0
2016,8,MARTINIQUE,MQ,0
2016,8,MAURITANIA,MR,0
2016,8,MAURITIUS,MU,"240,978"
2016,8,MAYOTTE,YT,0
2016,8,MEXICO,MX,"32,381,487"
2016,8,MONACO,MC,0
2016,8,MONTENEGRO,ME,"2,208"
2016,8,MOROCCO,MA,"2,156,655"
2016,8,MOZAMBIQUE,MZ,"769,157"
2016,8,NAMIBIA,NA,"149,382"
2016,8,NAURU,NR,0
2016,8,NEPAL,NP,"106,114"
2016,8,NETHERLANDS,NL,"103,332,430"
2016,8,NEW CALEDONIA,NC,"5,023"
2016,8,NEW ZEALAND,NZ,"52,583,141"
2016,8,NICARAGUA,NI,"59,738"
2016,8,NIGER,NE,0
2016,8,NIGERIA,NG,"13,011,277"
2016,8,NORTHERN MARIANA ISLANDS,MP,0
2016,8,NORWAY,NO,"29,753,994"
2016,8,OMAN,OM,"10,135,557"
2016,8,"OTHER COUNTRIES, NES.",ZZ,"132,230,683"
2016,8,PAKISTAN,PK,"13,226,642"
2016,8,PALAU,PW,0
2016,8,PALESTINE,PS,"13,328"
2016,8,PANAMA,PA,"46,892"
2016,8,PAPUA NEW GUINEA,PG,"29,024,885"
2016,8,PARAGUAY,PY,"862,568"
2016,8,PEOPLE'S DEM. REP. LAO,LA,"204,296"
2016,8,PEOPLE'S REP. OF MONGOLIA,MN,"7,983"
2016,8,PEOPLE'S REPUBLIC OF CHINA,CN,"3,080,880,823"
2016,8,PERU,PE,"3,338,171"
2016,8,PHILIPPINES,PH,"135,447,412"
2016,8,POLAND,PL,"12,350,595"
2016,8,PORTUGAL,PT,"4,243,659"
2016,8,PUERTO RICO,PR,"60,680"
2016,8,QATAR,QA,"4,507,834"
2016,8,REPUBLIC OF INDONESIA,ID,"574,613,148"
2016,8,REPUBLIC OF KOREA,KR,"745,050,596"
2016,8,REPUBLIC OF MOLDOVA,MD,"269,197"
2016,8,REPUBLIC OF SINGAPORE,SG,"1,466,175,375"
2016,8,REPUBLIC OF SOUTH AFRICA,ZA,"32,096,335"
2016,8,REPUBLIC OF SRI LANKA,LK,"4,517,562"
2016,8,REPUBLIC OF YEMEN,YE,"886,769"
2016,8,REUNION ISLANDS,RE,0
2016,8,ROMANIA,RO,"1,916,698"
2016,8,RUSSIAN FEDERATION,RU,"74,707,175"
2016,8,RWANDA,RW,"1,355,761"
2016,8,SAINT KITTS & NEVIS,KN,0
2016,8,SAINT LUCIA,LC,0
2016,8,SAINT VINCENT/GRENADINES,VC,0
2016,8,SAUDI ARABIA,SA,"305,715,705"
2016,8,SENEGAL,SN,0
2016,8,SERBIA,RS,"73,464"
2016,8,SEYCHELLES,SC,"95,699"
2016,8,SIERRA LEONE,SL,0
2016,8,SLOVAKIA,SK,"2,809,559"
2016,8,SLOVENIA,SI,"2,758,224"
2016,8,SOCIALIST REP. OF VIET NAM,VN,"442,226,748"
2016,8,SOLOMON ISLANDS,SB,"1,508,781"
2016,8,SOMALIA,SO,0
2016,8,SPAIN,ES,"47,519,684"
2016,8,SUDAN,SD,"50,526"
2016,8,SURINAME,SR,"103,297"
2016,8,SWAZILAND,SZ,0
2016,8,SWEDEN,SE,"44,041,815"
2016,8,SWITZERLAND,CH,"138,334,922"
2016,8,SYRIAN ARAB REPUBLIC,SY,"8,620"
2016,8,TAIWAN,TW,"940,470,409"
2016,8,TAJIKISTAN,TJ,"1,951"
2016,8,THAILAND,TH,"853,389,821"
2016,8,TIMOR LESTE,TL,"110,631"
2016,8,TOGO,TG,"215,412"
2016,8,TONGA,TO,0
2016,8,TRINIDAD AND TOBAGO,TT,"31,639"
2016,8,TUNISIA,TN,"606,064"
2016,8,TURKEY,TR,"22,269,772"
2016,8,TURKMENISTAN,TM,0
2016,8,TURKS AND CAICOS ISLANDS,TC,0
2016,8,TUVALU,TV,0
2016,8,UGANDA,UG,"2,099,461"
2016,8,UKRAINE,UA,"10,991,881"
2016,8,UNION OF MYANMAR,MM,"13,491,740"
2016,8,UNITED ARAB EMIRATES,AE,"205,783,837"
2016,8,UNITED KINGDOM,GB,"129,692,468"
2016,8,UNITED REP. OF TANZANIA,TZ,"20,020,284"
2016,8,UNITED STATES OF AMERICA,US,"1,135,799,430"
2016,8,URUGUAY,UY,"1,141,617"
2016,8,UZBEKISTAN,UZ,"178,034"
2016,8,VANUATU,VU,0
2016,8,VATICAN CITY STATE (HOLYSEE),VA,0
2016,8,VENEZUELA,VE,"334,550"
2016,8,WALLIS AND FUTUNA ISLANDS,WF,0
2016,8,WESTERN SAMOA,WS,0
2016,8,ZAMBIA,ZM,"17,125"
2016,8,ZIMBABWE,ZW,"72,200"
2016,9,AFGHANISTAN,AF,180
2016,9,ALBANIA,AL,"125,469"
2016,9,ALGERIA,DZ,"91,430"
2016,9,AMERICAN SAMOA,AS,"180,572"
2016,9,ANGOLA,AO,"23,559"
2016,9,ANTIGUA & BARBUDA,AG,0
2016,9,ARGENTINA,AR,"107,460,428"
2016,9,ARMENIA,AM,"15,573"
2016,9,ARUBA,AW,0
2016,9,AUSTRALIA,AU,"394,086,076"
2016,9,AUSTRIA,AT,"40,238,354"
2016,9,AZERBAIJAN,AZ,"1,715"
2016,9,BAHAMAS,BS,"6,235,011"
2016,9,BAHRAIN,BH,"9,777,242"
2016,9,BANGLADESH,BD,"13,031,846"
2016,9,BARBADOS,BB,"4,294"
2016,9,BELARUS,BY,"2,576,097"
2016,9,BELGIUM,BE,"49,951,615"
2016,9,BELIZE,BZ,"232,493"
2016,9,BENIN,BJ,0
2016,9,BERMUDA,BM,"1,676"
2016,9,BHUTAN,BT,0
2016,9,BOLIVIA,BO,"360,655"
2016,9,BOSNIA - HERZEGOVINA,BA,0
2016,9,BOTSWANA,BW,"5,869"
2016,9,BRAZIL,BR,"147,119,169"
2016,9,BRITISH VIRGIN ISLANDS,VG,"26,928"
2016,9,BRUNEI DARUSSALAM,BN,"3,046,641"
2016,9,BULGARIA,BG,"3,261,634"
2016,9,BURKINA FASO,BF,"926,583"
2016,9,CAMBODIA,KH,"12,208,862"
2016,9,CAMEROON,CM,"9,092,041"
2016,9,CANADA,CA,"37,586,916"
2016,9,CAPE VERDE,CV,0
2016,9,CAYMAN ISLANDS,KY,0
2016,9,CENTRAL AFRICAN REPUBLIC,CF,0
2016,9,CHILE,CL,"4,295,209"
2016,9,CHRISTMAS ISLAND (IND.OCEAN),CX,"675,561"
2016,9,COLOMBIA,CO,"976,901"
2016,9,COMOROS,KM,0
2016,9,CONGO,CG,"7,322,392"
2016,9,"CONGO, THE DEMOCRATIC REPUBLIC (ZAIRE)",CD,"3,233,838"
2016,9,COOK ISLANDS,CK,0
2016,9,COSTA RICA,CR,"1,436,327"
2016,9,COTE D'IVOIRE,CI,"21,079,307"
2016,9,CROATIA,HR,"9,542,275"
2016,9,CUBA,CU,"256,314"
2016,9,CURACAO,CW,0
2016,9,CYPRUS,CY,"470,370"
2016,9,CZECH REPUBLIC,CZ,"14,762,826"
2016,9,DEM. PEOPLE'S REP. OF KOREA,KP,"37,514"
2016,9,DENMARK,DK,"15,968,448"
2016,9,DJIBOUTI,DJ,"42,315"
2016,9,DOMINICA,DM,0
2016,9,DOMINICAN REPUBLIC,DO,"680,457"
2016,9,ECUADOR,EC,"4,190,706"
2016,9,EGYPT,EG,"4,663,352"
2016,9,EL SALVADOR,SV,"154,371"
2016,9,EQUATORIAL GUINEA,GQ,0
2016,9,ERITREA,ER,0
2016,9,ESTONIA,EE,"947,010"
2016,9,ETHIOPIA,ET,"171,896"
2016,9,FED. STATES OF MICRONESIA,FM,0
2016,9,FEDERAL REPUBLIC OF GERMANY,DE,"434,578,175"
2016,9,FIJI,FJ,"930,296"
2016,9,FINLAND,FI,"8,744,575"
2016,9,FRANCE,FR,"280,991,971"
2016,9,FRENCH GUIANA,GF,0
2016,9,FRENCH POLYNESIA,PF,0
2016,9,GABON,GA,"28,489"
2016,9,GAMBIA,GM,0
2016,9,GEORGIA,GE,"302,032"
2016,9,GHANA,GH,"5,625,291"
2016,9,GIBRALTAR,GI,0
2016,9,GREECE,GR,"926,220"
2016,9,GREENLAND,GL,"11,415"
2016,9,GRENADA,GD,"4,919"
2016,9,GUADELOUPE,GP,0
2016,9,GUAM,GU,447
2016,9,GUATEMALA,GT,"1,443,082"
2016,9,GUINEA,GN,"90,749"
2016,9,GUINEA-BISSAU,GW,0
2016,9,GUYANA,GY,"8,417"
2016,9,HAITI,HT,0
2016,9,HONDURAS,HN,"68,009"
2016,9,HONG KONG,HK,"258,083,849"
2016,9,HUNGARY,HU,"12,287,669"
2016,9,ICELAND,IS,300
2016,9,INDIA,IN,"519,417,206"
2016,9,IRAQ,IQ,"11,670,161"
2016,9,IRELAND,IE,"49,661,735"
2016,9,ISLAMIC REP. OF IRAN,IR,"73,107,344"
2016,9,ITALY,IT,"106,450,170"
2016,9,JAMAICA,JM,"6,456"
2016,9,JAPAN,JP,"1,169,840,371"
2016,9,JORDAN,JO,"9,682,081"
2016,9,KAZAKHSTAN,KZ,"42,802"
2016,9,KENYA,KE,"2,572,233"
2016,9,KIRIBATI,KI,"465,178"
2016,9,KUWAIT,KW,"44,731,794"
2016,9,KYRGYZSTAN,KG,0
2016,9,LATVIA,LV,"614,222"
2016,9,LEBANON,LB,"817,084"
2016,9,LIBERIA,LR,"2,464,526"
2016,9,LIBYAN ARAB JAMAHIRIYA,LY,358
2016,9,LIECHTENSTEIN,LI,"309,984"
2016,9,LITHUANIA,LT,"1,916,531"
2016,9,LUXEMBOURG,LU,"4,360,229"
2016,9,MACAU,MO,"1,160,099"
2016,9,MACEDONIA,MK,"140,233"
2016,9,MADAGASCAR,MG,"331,268"
2016,9,MALAWI,MW,"570,066"
2016,9,"MALAYSIA, PENINSULAR",MY,"1,917,337"
2016,9,MALDIVES,MV,"31,026"
2016,9,MALI,ML,"500,295"
2016,9,MALTA,MT,"2,441,045"
2016,9,MARSHALL ISLANDS,MH,"599,864"
2016,9,MARTINIQUE,MQ,0
2016,9,MAURITANIA,MR,"1,470,795"
2016,9,MAURITIUS,MU,"484,385"
2016,9,MAYOTTE,YT,0
2016,9,MEXICO,MX,"32,665,887"
2016,9,MONACO,MC,0
2016,9,MONTENEGRO,ME,"15,521"
2016,9,MOROCCO,MA,"2,684,285"
2016,9,MOZAMBIQUE,MZ,"70,134"
2016,9,NAMIBIA,NA,"202,926"
2016,9,NEPAL,NP,"45,214"
2016,9,NETHERLANDS,NL,"155,814,132"
2016,9,NEW CALEDONIA,NC,0
2016,9,NEW ZEALAND,NZ,"39,586,915"
2016,9,NICARAGUA,NI,"18,602"
2016,9,NIGER,NE,0
2016,9,NIGERIA,NG,"6,739,129"
2016,9,NORTHERN MARIANA ISLANDS,MP,0
2016,9,NORWAY,NO,"24,414,990"
2016,9,OMAN,OM,"19,331,457"
2016,9,"OTHER COUNTRIES, NES.",ZZ,"160,931,994"
2016,9,PAKISTAN,PK,"10,118,496"
2016,9,PALAU,PW,0
2016,9,PALESTINE,PS,533
2016,9,PANAMA,PA,"364,346"
2016,9,PAPUA NEW GUINEA,PG,"12,893,755"
2016,9,PARAGUAY,PY,"6,771"
2016,9,PEOPLE'S DEM. REP. LAO,LA,"3,794,147"
2016,9,PEOPLE'S REP. OF MONGOLIA,MN,0
2016,9,PEOPLE'S REPUBLIC OF CHINA,CN,"2,999,143,402"
2016,9,PERU,PE,"4,176,002"
2016,9,PHILIPPINES,PH,"134,493,999"
2016,9,POLAND,PL,"15,035,127"
2016,9,PORTUGAL,PT,"4,330,150"
2016,9,PUERTO RICO,PR,"617,465"
2016,9,QATAR,QA,"30,747,714"
2016,9,REPUBLIC OF INDONESIA,ID,"621,608,868"
2016,9,REPUBLIC OF KOREA,KR,"668,017,283"
2016,9,REPUBLIC OF MOLDOVA,MD,"2,147,485"
2016,9,REPUBLIC OF SINGAPORE,SG,"1,529,666,433"
2016,9,REPUBLIC OF SOUTH AFRICA,ZA,"31,441,768"
2016,9,REPUBLIC OF SRI LANKA,LK,"3,999,578"
2016,9,REPUBLIC OF YEMEN,YE,"1,018,961"
2016,9,REUNION ISLANDS,RE,"37,700"
2016,9,ROMANIA,RO,"2,105,121"
2016,9,RUSSIAN FEDERATION,RU,"98,675,167"
2016,9,RWANDA,RW,"1,594,399"
2016,9,SAINT KITTS & NEVIS,KN,0
2016,9,SAINT VINCENT/GRENADINES,VC,0
2016,9,SAUDI ARABIA,SA,"276,758,474"
2016,9,SENEGAL,SN,0
2016,9,SERBIA,RS,"35,916"
2016,9,SEYCHELLES,SC,0
2016,9,SIERRA LEONE,SL,0
2016,9,SLOVAKIA,SK,"2,256,145"
2016,9,SLOVENIA,SI,"2,024,837"
2016,9,SOCIALIST REP. OF VIET NAM,VN,"438,268,932"
2016,9,SOLOMON ISLANDS,SB,"3,108,475"
2016,9,SOMALIA,SO,0
2016,9,SPAIN,ES,"46,907,862"
2016,9,SUDAN,SD,"7,634"
2016,9,SURINAME,SR,"3,062"
2016,9,SVALBARD AND JAN MAYEN ISL.,SJ,0
2016,9,SW,SW,"214,492"
2016,9,SWAZILAND,SZ,"49,443"
2016,9,SWEDEN,SE,"41,683,901"
2016,9,SWITZERLAND,CH,"150,639,398"
2016,9,SYRIAN ARAB REPUBLIC,SY,"2,027"
2016,9,TAIWAN,TW,"927,856,526"
2016,9,TAJIKISTAN,TJ,0
2016,9,THAILAND,TH,"872,254,298"
2016,9,TIMOR LESTE,TL,"4,499"
2016,9,TOGO,TG,"77,262"
2016,9,TONGA,TO,0
2016,9,TRINIDAD AND TOBAGO,TT,"11,006"
2016,9,TUNISIA,TN,"855,920"
2016,9,TURKEY,TR,"18,972,095"
2016,9,TURKMENISTAN,TM,0
2016,9,TUVALU,TV,0
2016,9,U.S. MINOR OUTLYING ISLANDS,UM,0
2016,9,UGANDA,UG,"632,713"
2016,9,UKRAINE,UA,"7,184,491"
2016,9,UNION OF MYANMAR,MM,"13,241,751"
2016,9,UNITED ARAB EMIRATES,AE,"134,421,536"
2016,9,UNITED KINGDOM,GB,"119,191,329"
2016,9,UNITED REP. OF TANZANIA,TZ,"26,835,125"
2016,9,UNITED STATES OF AMERICA,US,"1,047,185,869"
2016,9,URUGUAY,UY,"2,429,522"
2016,9,UZBEKISTAN,UZ,"223,966"
2016,9,VANUATU,VU,"1,262,683"
2016,9,VATICAN CITY STATE (HOLYSEE),VA,0
2016,9,VENEZUELA,VE,"23,239,931"
2016,9,WALLIS AND FUTUNA ISLANDS,WF,0
2016,9,WESTERN SAMOA,WS,0
2016,9,ZAMBIA,ZM,"261,577"
2016,9,ZIMBABWE,ZW,"121,636"
2016,10,AFGHANISTAN,AF,"65,331"
2016,10,ALBANIA,AL,"9,488"
2016,10,ALGERIA,DZ,131
2016,10,AMERICAN SAMOA,AS,"130,645"
2016,10,ANGOLA,AO,"7,687"
2016,10,ANTIGUA & BARBUDA,AG,"1,317"
2016,10,ARGENTINA,AR,"90,625,427"
2016,10,ARMENIA,AM,"14,013"
2016,10,ARUBA,AW,0
2016,10,AUSTRALIA,AU,"387,898,790"
2016,10,AUSTRIA,AT,"45,165,626"
2016,10,AZERBAIJAN,AZ,"8,360"
2016,10,BAHAMAS,BS,"97,841"
2016,10,BAHRAIN,BH,"823,580"
2016,10,BANGLADESH,BD,"11,506,613"
2016,10,BARBADOS,BB,"5,588"
2016,10,BELARUS,BY,"2,318,610"
2016,10,BELGIUM,BE,"52,080,222"
2016,10,BELIZE,BZ,0
2016,10,BENIN,BJ,"3,757"
2016,10,BERMUDA,BM,0
2016,10,BHUTAN,BT,878
2016,10,BOLIVIA,BO,"420,972"
2016,10,BOSNIA - HERZEGOVINA,BA,"62,009"
2016,10,BOTSWANA,BW,0
2016,10,BRAZIL,BR,"123,689,193"
2016,10,BRITISH VIRGIN ISLANDS,VG,"38,313"
2016,10,BRUNEI DARUSSALAM,BN,"26,529,846"
2016,10,BULGARIA,BG,"3,122,804"
2016,10,BURKINA FASO,BF,"374,867"
2016,10,CAMBODIA,KH,"9,374,753"
2016,10,CAMEROON,CM,"1,924,694"
2016,10,CANADA,CA,"39,916,368"
2016,10,CAPE VERDE,CV,0
2016,10,CAYMAN ISLANDS,KY,0
2016,10,CENTRAL AFRICAN REPUBLIC,CF,0
2016,10,CHAD,TD,0
2016,10,CHILE,CL,"13,200,835"
2016,10,CHRISTMAS ISLAND (IND.OCEAN),CX,"3,609,268"
2016,10,COLOMBIA,CO,"1,961,069"
2016,10,COMOROS,KM,0
2016,10,CONGO,CG,"5,034,870"
2016,10,"CONGO, THE DEMOCRATIC REPUBLIC (ZAIRE)",CD,"936,876"
2016,10,COOK ISLANDS,CK,0
2016,10,COSTA RICA,CR,"2,167,071"
2016,10,COTE D'IVOIRE,CI,"22,073,242"
2016,10,CROATIA,HR,"158,330"
2016,10,CUBA,CU,"160,728"
2016,10,CURACAO,CW,0
2016,10,CYPRUS,CY,"565,835"
2016,10,CZECH REPUBLIC,CZ,"23,289,854"
2016,10,DEM. PEOPLE'S REP. OF KOREA,KP,0
2016,10,DENMARK,DK,"16,754,394"
2016,10,DJIBOUTI,DJ,0
2016,10,DOMINICA,DM,0
2016,10,DOMINICAN REPUBLIC,DO,"253,005"
2016,10,ECUADOR,EC,"4,134,162"
2016,10,EGYPT,EG,"4,116,864"
2016,10,EL SALVADOR,SV,"3,364"
2016,10,EQUATORIAL GUINEA,GQ,0
2016,10,ERITREA,ER,0
2016,10,ESTONIA,EE,"344,456"
2016,10,ETHIOPIA,ET,"186,519"
2016,10,FED. STATES OF MICRONESIA,FM,0
2016,10,FEDERAL REPUBLIC OF GERMANY,DE,"532,011,251"
2016,10,FIJI,FJ,"1,367,078"
2016,10,FINLAND,FI,"14,906,340"
2016,10,FRANCE,FR,"212,099,056"
2016,10,FRENCH GUIANA,GF,0
2016,10,FRENCH POLYNESIA,PF,0
2016,10,GABON,GA,"1,042"
2016,10,GAMBIA,GM,0
2016,10,GEORGIA,GE,"113,301"
2016,10,GHANA,GH,"3,823,683"
2016,10,GIBRALTAR,GI,0
2016,10,GREECE,GR,"1,384,578"
2016,10,GREENLAND,GL,"13,594"
2016,10,GRENADA,GD,0
2016,10,GUADELOUPE,GP,0
2016,10,GUAM,GU,0
2016,10,GUATEMALA,GT,"330,311"
2016,10,GUINEA,GN,"28,757"
2016,10,GUINEA-BISSAU,GW,0
2016,10,GUYANA,GY,"67,183"
2016,10,HAITI,HT,"44,242"
2016,10,HONDURAS,HN,"141,461"
2016,10,HONG KONG,HK,"253,184,729"
2016,10,HUNGARY,HU,"11,592,732"
2016,10,ICELAND,IS,953
2016,10,INDIA,IN,"337,643,614"
2016,10,IRAQ,IQ,"7,227,477"
2016,10,IRELAND,IE,"81,631,481"
2016,10,ISLAMIC REP. OF IRAN,IR,"23,117,559"
2016,10,ITALY,IT,"93,613,360"
2016,10,JAMAICA,JM,"62,148"
2016,10,JAPAN,JP,"1,160,752,833"
2016,10,JORDAN,JO,"5,661,880"
2016,10,KAZAKHSTAN,KZ,"607,967"
2016,10,KENYA,KE,"717,570"
2016,10,KIRIBATI,KI,"514,330"
2016,10,KUWAIT,KW,"53,082,292"
2016,10,KYRGYZSTAN,KG,0
2016,10,LATVIA,LV,"726,438"
2016,10,LEBANON,LB,"278,539"
2016,10,LIBERIA,LR,"536,560"
2016,10,LIBYAN ARAB JAMAHIRIYA,LY,247
2016,10,LIECHTENSTEIN,LI,"19,233"
2016,10,LITHUANIA,LT,"3,059,447"
2016,10,LUXEMBOURG,LU,"1,952,323"
2016,10,MACAU,MO,"918,569"
2016,10,MACEDONIA,MK,"87,395"
2016,10,MADAGASCAR,MG,"234,305"
2016,10,MALAWI,MW,"211,929"
2016,10,"MALAYSIA, PENINSULAR",MY,"2,174,089"
2016,10,MALDIVES,MV,"2,142"
2016,10,MALI,ML,0
2016,10,MALTA,MT,"2,063,862"
2016,10,MARSHALL ISLANDS,MH,"428,398"
2016,10,MARTINIQUE,MQ,0
2016,10,MAURITANIA,MR,0
2016,10,MAURITIUS,MU,"474,336"
2016,10,MAYOTTE,YT,0
2016,10,MEXICO,MX,"31,614,006"
2016,10,MONACO,MC,"4,721"
2016,10,MONTENEGRO,ME,0
2016,10,MOROCCO,MA,"2,385,456"
2016,10,MOZAMBIQUE,MZ,"1,810,455"
2016,10,NAMIBIA,NA,"24,685"
2016,10,NAURU,NR,0
2016,10,NEPAL,NP,"31,178"
2016,10,NETHERLANDS,NL,"115,119,278"
2016,10,NEW CALEDONIA,NC,0
2016,10,NEW ZEALAND,NZ,"48,038,128"
2016,10,NICARAGUA,NI,"4,226"
2016,10,NIGER,NE,"225,154"
2016,10,NIGERIA,NG,"7,622,420"
2016,10,NORTHERN MARIANA ISLANDS,MP,303
2016,10,NORWAY,NO,"13,320,666"
2016,10,OMAN,OM,"24,864,974"
2016,10,"OTHER COUNTRIES, NES.",ZZ,"23,403,837"
2016,10,PAKISTAN,PK,"10,218,772"
2016,10,PALAU,PW,0
2016,10,PALESTINE,PS,"7,663"
2016,10,PANAMA,PA,"72,195"
2016,10,PAPUA NEW GUINEA,PG,"10,067,792"
2016,10,PARAGUAY,PY,0
2016,10,PEOPLE'S DEM. REP. LAO,LA,"362,801"
2016,10,PEOPLE'S REP. OF MONGOLIA,MN,393
2016,10,PEOPLE'S REPUBLIC OF CHINA,CN,"2,766,713,418"
2016,10,PERU,PE,"3,322,832"
2016,10,PHILIPPINES,PH,"148,622,556"
2016,10,POLAND,PL,"9,951,440"
2016,10,PORTUGAL,PT,"3,794,850"
2016,10,PUERTO RICO,PR,"923,527"
2016,10,QATAR,QA,"77,266,798"
2016,10,REPUBLIC OF INDONESIA,ID,"671,369,545"
2016,10,REPUBLIC OF KOREA,KR,"839,705,107"
2016,10,REPUBLIC OF MOLDOVA,MD,"2,101,006"
2016,10,REPUBLIC OF SINGAPORE,SG,"1,596,099,550"
2016,10,REPUBLIC OF SOUTH AFRICA,ZA,"35,093,590"
2016,10,REPUBLIC OF SRI LANKA,LK,"4,876,189"
2016,10,REPUBLIC OF YEMEN,YE,"144,225"
2016,10,REUNION ISLANDS,RE,0
2016,10,ROMANIA,RO,"8,882,531"
2016,10,RUSSIAN FEDERATION,RU,"66,301,531"
2016,10,RWANDA,RW,"569,060"
2016,10,S. GEORGIA & SANDWICH ISLANDS,GS,0
2016,10,SAINT VINCENT/GRENADINES,VC,0
2016,10,SAUDI ARABIA,SA,"197,849,747"
2016,10,SENEGAL,SN,"1,284"
2016,10,SERBIA,RS,"76,337"
2016,10,SEYCHELLES,SC,0
2016,10,SIERRA LEONE,SL,0
2016,10,SLOVAKIA,SK,"2,112,626"
2016,10,SLOVENIA,SI,"2,744,089"
2016,10,SOCIALIST REP. OF VIET NAM,VN,"378,541,928"
2016,10,SOLOMON ISLANDS,SB,"1,197,745"
2016,10,SOMALIA,SO,0
2016,10,SPAIN,ES,"49,010,102"
2016,10,SUDAN,SD,"236,133"
2016,10,SURINAME,SR,642
2016,10,SW,SW,"25,988"
2016,10,SWAZILAND,SZ,"15,965"
2016,10,SWEDEN,SE,"36,677,532"
2016,10,SWITZERLAND,CH,"212,692,231"
2016,10,SYRIAN ARAB REPUBLIC,SY,"17,591"
2016,10,TAIWAN,TW,"846,794,453"
2016,10,TAJIKISTAN,TJ,0
2016,10,THAILAND,TH,"833,806,711"
2016,10,TIMOR LESTE,TL,"19,946"
2016,10,TOGO,TG,"1,059,790"
2016,10,TONGA,TO,0
2016,10,TRINIDAD AND TOBAGO,TT,"1,230"
2016,10,TUNISIA,TN,"434,202"
2016,10,TURKEY,TR,"21,659,980"
2016,10,TURKMENISTAN,TM,0
2016,10,TURKS AND CAICOS ISLANDS,TC,0
2016,10,TUVALU,TV,0
2016,10,UGANDA,UG,"137,882"
2016,10,UKRAINE,UA,"7,091,779"
2016,10,UNION OF MYANMAR,MM,"13,795,297"
2016,10,UNITED ARAB EMIRATES,AE,"198,984,254"
2016,10,UNITED KINGDOM,GB,"117,653,204"
2016,10,UNITED REP. OF TANZANIA,TZ,"15,975,707"
2016,10,UNITED STATES OF AMERICA,US,"1,039,362,937"
2016,10,UNITED STATES VIRGIN ISLANDS,VI,0
2016,10,URUGUAY,UY,"458,232"
2016,10,UZBEKISTAN,UZ,"1,212"
2016,10,VANUATU,VU,"747,978"
2016,10,VENEZUELA,VE,"21,977,633"
2016,10,WESTERN SAMOA,WS,0
2016,10,ZAMBIA,ZM,537
2016,10,ZIMBABWE,ZW,"969,956"
2016,11,AFGHANISTAN,AF,"63,188"
2016,11,ALBANIA,AL,"16,635"
2016,11,ALGERIA,DZ,"22,017"
2016,11,AMERICAN SAMOA,AS,0
2016,11,ANGOLA,AO,551
2016,11,ANGUILLA,AI,0
2016,11,ANTIGUA & BARBUDA,AG,0
2016,11,ARGENTINA,AR,"106,425,301"
2016,11,ARMENIA,AM,"1,595"
2016,11,ARUBA,AW,0
2016,11,AUSTRALIA,AU,"299,973,993"
2016,11,AUSTRIA,AT,"41,875,453"
2016,11,AZERBAIJAN,AZ,0
2016,11,BAHAMAS,BS,"5,073"
2016,11,BAHRAIN,BH,"988,595"
2016,11,BANGLADESH,BD,"18,953,579"
2016,11,BARBADOS,BB,"3,556"
2016,11,BELARUS,BY,"3,777,985"
2016,11,BELGIUM,BE,"43,698,284"
2016,11,BELIZE,BZ,"1,249"
2016,11,BENIN,BJ,"2,919"
2016,11,BERMUDA,BM,0
2016,11,BHUTAN,BT,0
2016,11,BOLIVIA,BO,"996,271"
2016,11,BOSNIA - HERZEGOVINA,BA,"149,719"
2016,11,BOTSWANA,BW,0
2016,11,BRAZIL,BR,"276,156,934"
2016,11,BRITISH VIRGIN ISLANDS,VG,"14,670"
2016,11,BRUNEI DARUSSALAM,BN,"3,475,137"
2016,11,BULGARIA,BG,"2,482,464"
2016,11,BURKINA FASO,BF,"183,195"
2016,11,BURUNDI,BI,0
2016,11,CAMBODIA,KH,"16,855,861"
2016,11,CAMEROON,CM,"10,126,590"
2016,11,CANADA,CA,"53,732,389"
2016,11,CAPE VERDE,CV,0
2016,11,CAYMAN ISLANDS,KY,0
2016,11,CENTRAL AFRICAN REPUBLIC,CF,0
2016,11,CHILE,CL,"25,801,162"
2016,11,CHRISTMAS ISLAND (IND.OCEAN),CX,"1,508,794"
2016,11,COLOMBIA,CO,"2,215,792"
2016,11,COMOROS,KM,"160,900"
2016,11,CONGO,CG,"2,072,290"
2016,11,"CONGO, THE DEMOCRATIC REPUBLIC (ZAIRE)",CD,"4,159,424"
2016,11,COOK ISLANDS,CK,0
2016,11,COSTA RICA,CR,"1,623,431"
2016,11,COTE D'IVOIRE,CI,"22,074,320"
2016,11,CROATIA,HR,"633,217"
2016,11,CUBA,CU,"62,001"
2016,11,CURACAO,CW,0
2016,11,CYPRUS,CY,"494,320"
2016,11,CZECH REPUBLIC,CZ,"17,185,803"
2016,11,DEM. PEOPLE'S REP. OF KOREA,KP,0
2016,11,DENMARK,DK,"13,881,449"
2016,11,DJIBOUTI,DJ,0
2016,11,DOMINICA,DM,0
2016,11,DOMINICAN REPUBLIC,DO,"668,471"
2016,11,ECUADOR,EC,"5,671,344"
2016,11,EGYPT,EG,"4,645,357"
2016,11,EL SALVADOR,SV,"38,004"
2016,11,EQUATORIAL GUINEA,GQ,0
2016,11,ERITREA,ER,0
2016,11,ESTONIA,EE,"353,370"
2016,11,ETHIOPIA,ET,"229,110"
2016,11,FED. STATES OF MICRONESIA,FM,0
2016,11,FEDERAL REPUBLIC OF GERMANY,DE,"481,907,979"
2016,11,FIJI,FJ,"350,311"
2016,11,FINLAND,FI,"11,990,838"
2016,11,FRANCE,FR,"183,344,512"
2016,11,FRENCH GUIANA,GF,0
2016,11,FRENCH POLYNESIA,PF,0
2016,11,GABON,GA,"86,141"
2016,11,GAMBIA,GM,0
2016,11,GEORGIA,GE,"12,207"
2016,11,GHANA,GH,"5,392,853"
2016,11,GIBRALTAR,GI,0
2016,11,GREECE,GR,"3,693,780"
2016,11,GREENLAND,GL,"36,953"
2016,11,GRENADA,GD,0
2016,11,GUADELOUPE,GP,0
2016,11,GUAM,GU,754
2016,11,GUATEMALA,GT,"278,450"
2016,11,GUINEA,GN,"40,365"
2016,11,GUINEA-BISSAU,GW,0
2016,11,GUYANA,GY,"38,869"
2016,11,HAITI,HT,0
2016,11,HONDURAS,HN,"576,972"
2016,11,HONG KONG,HK,"303,789,812"
2016,11,HUNGARY,HU,"9,514,444"
2016,11,ICELAND,IS,"101,880"
2016,11,INDIA,IN,"334,241,092"
2016,11,IRAQ,IQ,"24,469,441"
2016,11,IRELAND,IE,"52,966,903"
2016,11,ISLAMIC REP. OF IRAN,IR,"20,862,455"
2016,11,ITALY,IT,"131,673,307"
2016,11,JAMAICA,JM,"10,109"
2016,11,JAPAN,JP,"1,191,762,861"
2016,11,JORDAN,JO,"3,437,152"
2016,11,KAZAKHSTAN,KZ,"1,245,476"
2016,11,KENYA,KE,"1,114,545"
2016,11,KIRIBATI,KI,"154,563"
2016,11,KUWAIT,KW,"73,773,240"
2016,11,KYRGYZSTAN,KG,"8,706"
2016,11,LATVIA,LV,"3,132,212"
2016,11,LEBANON,LB,"750,546"
2016,11,LESOTHO,LS,0
2016,11,LIBERIA,LR,"1,021,804"
2016,11,LIBYAN ARAB JAMAHIRIYA,LY,878
2016,11,LIECHTENSTEIN,LI,"306,961"
2016,11,LITHUANIA,LT,"1,647,927"
2016,11,LUXEMBOURG,LU,"1,710,327"
2016,11,MACAU,MO,"977,584"
2016,11,MACEDONIA,MK,"18,254"
2016,11,MADAGASCAR,MG,"462,356"
2016,11,MALAWI,MW,"109,214"
2016,11,"MALAYSIA, PENINSULAR",MY,"393,483"
2016,11,MALDIVES,MV,"9,184"
2016,11,MALI,ML,0
2016,11,MALTA,MT,"9,983,055"
2016,11,MARSHALL ISLANDS,MH,"174,376"
2016,11,MARTINIQUE,MQ,0
2016,11,MAURITANIA,MR,0
2016,11,MAURITIUS,MU,"221,663"
2016,11,MAYOTTE,YT,0
2016,11,MEXICO,MX,"28,893,624"
2016,11,MONACO,MC,99
2016,11,MONTENEGRO,ME,0
2016,11,MOROCCO,MA,"1,193,443"
2016,11,MOZAMBIQUE,MZ,"180,525"
2016,11,NAMIBIA,NA,"47,900"
2016,11,NEPAL,NP,"24,447"
2016,11,NETHERLANDS,NL,"117,787,502"
2016,11,NEW CALEDONIA,NC,0
2016,11,NEW ZEALAND,NZ,"83,723,919"
2016,11,NICARAGUA,NI,"52,026"
2016,11,NIGER,NE,0
2016,11,NIGERIA,NG,"19,614,319"
2016,11,NORTHERN MARIANA ISLANDS,MP,0
2016,11,NORWAY,NO,"26,693,009"
2016,11,OMAN,OM,"24,719,871"
2016,11,"OTHER COUNTRIES, NES.",ZZ,"13,804,293"
2016,11,PAKISTAN,PK,"14,134,474"
2016,11,PALAU,PW,0
2016,11,PALESTINE,PS,"40,282"
2016,11,PANAMA,PA,"4,279,432"
2016,11,PAPUA NEW GUINEA,PG,"31,300,072"
2016,11,PARAGUAY,PY,"40,508"
2016,11,PEOPLE'S DEM. REP. LAO,LA,"465,576"
2016,11,PEOPLE'S REP. OF MONGOLIA,MN,"1,577"
2016,11,PEOPLE'S REPUBLIC OF CHINA,CN,"3,158,175,180"
2016,11,PERU,PE,"14,877,985"
2016,11,PHILIPPINES,PH,"117,169,398"
2016,11,POLAND,PL,"13,608,572"
2016,11,PORTUGAL,PT,"4,926,192"
2016,11,PUERTO RICO,PR,"1,979,412"
2016,11,QATAR,QA,"43,933,541"
2016,11,REPUBLIC OF INDONESIA,ID,"634,498,486"
2016,11,REPUBLIC OF KOREA,KR,"689,224,192"
2016,11,REPUBLIC OF MOLDOVA,MD,"1,336,976"
2016,11,REPUBLIC OF SINGAPORE,SG,"1,445,104,222"
2016,11,REPUBLIC OF SOUTH AFRICA,ZA,"45,386,938"
2016,11,REPUBLIC OF SRI LANKA,LK,"5,126,452"
2016,11,REPUBLIC OF YEMEN,YE,"739,599"
2016,11,REUNION ISLANDS,RE,0
2016,11,ROMANIA,RO,"8,981,181"
2016,11,RUSSIAN FEDERATION,RU,"118,548,299"
2016,11,RWANDA,RW,"1,362,705"
2016,11,SAINT LUCIA,LC,0
2016,11,SAINT VINCENT/GRENADINES,VC,0
2016,11,SAO TOME AND PRINCIPE,ST,0
2016,11,SAUDI ARABIA,SA,"199,817,110"
2016,11,SENEGAL,SN,0
2016,11,SERBIA,RS,"272,491"
2016,11,SEYCHELLES,SC,"237,808"
2016,11,SIERRA LEONE,SL,"114,467"
2016,11,SLOVAKIA,SK,"2,419,271"
2016,11,SLOVENIA,SI,"2,130,386"
2016,11,SOCIALIST REP. OF VIET NAM,VN,"425,226,001"
2016,11,SOLOMON ISLANDS,SB,"1,265,875"
2016,11,SOMALIA,SO,0
2016,11,SPAIN,ES,"45,842,534"
2016,11,SUDAN,SD,"19,755"
2016,11,SURINAME,SR,"8,644"
2016,11,SW,SW,"25,045"
2016,11,SWAZILAND,SZ,0
2016,11,SWEDEN,SE,"36,028,418"
2016,11,SWITZERLAND,CH,"156,942,077"
2016,11,SYRIAN ARAB REPUBLIC,SY,"18,362"
2016,11,TAIWAN,TW,"905,058,923"
2016,11,TAJIKISTAN,TJ,0
2016,11,THAILAND,TH,"888,867,013"
2016,11,TIMOR LESTE,TL,"4,800"
2016,11,TOGO,TG,"4,259"
2016,11,TOKELAU,TK,"14,223"
2016,11,TONGA,TO,0
2016,11,TRINIDAD AND TOBAGO,TT,"88,077"
2016,11,TUNISIA,TN,"541,487"
2016,11,TURKEY,TR,"25,458,441"
2016,11,TURKMENISTAN,TM,"4,654"
2016,11,TUVALU,TV,0
2016,11,UGANDA,UG,"637,819"
2016,11,UKRAINE,UA,"7,612,649"
2016,11,UNION OF MYANMAR,MM,"17,278,637"
2016,11,UNITED ARAB EMIRATES,AE,"241,311,673"
2016,11,UNITED KINGDOM,GB,"119,791,089"
2016,11,UNITED REP. OF TANZANIA,TZ,"7,873,830"
2016,11,UNITED STATES OF AMERICA,US,"1,106,566,435"
2016,11,UNITED STATES VIRGIN ISLANDS,VI,0
2016,11,URUGUAY,UY,"3,663,044"
2016,11,UZBEKISTAN,UZ,927
2016,11,VANUATU,VU,"649,423"
2016,11,VENEZUELA,VE,"22,001,448"
2016,11,WESTERN SAMOA,WS,0
2016,11,ZAMBIA,ZM,263
2016,11,ZIMBABWE,ZW,0
2016,12,AFGHANISTAN,AF,"1,539"
2016,12,ALBANIA,AL,"83,768"
2016,12,ALGERIA,DZ,"1,179"
2016,12,AMERICAN SAMOA,AS,"24,691"
2016,12,ANDORRA,AD,0
2016,12,ANGOLA,AO,"11,723"
2016,12,ANGUILLA,AI,0
2016,12,ANTARTICA,AQ,0
2016,12,ANTIGUA & BARBUDA,AG,14
2016,12,ARGENTINA,AR,"82,559,747"
2016,12,ARMENIA,AM,"5,411"
2016,12,AUSTRALIA,AU,"362,697,706"
2016,12,AUSTRIA,AT,"40,464,766"
2016,12,AZERBAIJAN,AZ,"4,383"
2016,12,BAHAMAS,BS,"15,915"
2016,12,BAHRAIN,BH,"35,225,999"
2016,12,BANGLADESH,BD,"13,310,382"
2016,12,BARBADOS,BB,951
2016,12,BELARUS,BY,"4,501,636"
2016,12,BELGIUM,BE,"44,942,475"
2016,12,BELIZE,BZ,0
2016,12,BENIN,BJ,0
2016,12,BERMUDA,BM,0
2016,12,BHUTAN,BT,"1,029"
2016,12,BOLIVIA,BO,"980,315"
2016,12,BOSNIA - HERZEGOVINA,BA,353
2016,12,BOTSWANA,BW,0
2016,12,BRAZIL,BR,"207,372,453"
2016,12,BRITISH VIRGIN ISLANDS,VG,0
2016,12,BRUNEI DARUSSALAM,BN,"4,001,557"
2016,12,BULGARIA,BG,"2,923,834"
2016,12,BURKINA FASO,BF,"184,846"
2016,12,CAMBODIA,KH,"16,469,055"
2016,12,CAMEROON,CM,"7,775,830"
2016,12,CANADA,CA,"59,422,863"
2016,12,CAPE VERDE,CV,0
2016,12,CENTRAL AFRICAN REPUBLIC,CF,"155,865"
2016,12,CHILE,CL,"11,241,599"
2016,12,CHRISTMAS ISLAND (IND.OCEAN),CX,0
2016,12,COLOMBIA,CO,"3,925,899"
2016,12,COMOROS,KM,0
2016,12,CONGO,CG,"1,061,159"
2016,12,"CONGO, THE DEMOCRATIC REPUBLIC (ZAIRE)",CD,"12,982,499"
2016,12,COOK ISLANDS,CK,0
2016,12,COSTA RICA,CR,"1,639,023"
2016,12,COTE D'IVOIRE,CI,"34,310,273"
2016,12,CROATIA,HR,"393,267"
2016,12,CUBA,CU,"161,585"
2016,12,CURACAO,CW,375
2016,12,CYPRUS,CY,"686,754"
2016,12,CZECH REPUBLIC,CZ,"14,742,199"
2016,12,DEM. PEOPLE'S REP. OF KOREA,KP,0
2016,12,DENMARK,DK,"13,302,733"
2016,12,DJIBOUTI,DJ,0
2016,12,DOMINICA,DM,0
2016,12,DOMINICAN REPUBLIC,DO,"562,993"
2016,12,ECUADOR,EC,"6,768,434"
2016,12,EGYPT,EG,"18,327,230"
2016,12,EL SALVADOR,SV,674
2016,12,EQUATORIAL GUINEA,GQ,0
2016,12,ERITREA,ER,0
2016,12,ESTONIA,EE,"406,341"
2016,12,ETHIOPIA,ET,"45,594"
2016,12,FAEROE ISLANDS,FO,"33,767"
2016,12,FED. STATES OF MICRONESIA,FM,0
2016,12,FEDERAL REPUBLIC OF GERMANY,DE,"450,994,156"
2016,12,FIJI,FJ,"32,607"
2016,12,FINLAND,FI,"11,251,308"
2016,12,FRANCE,FR,"132,447,009"
2016,12,FRENCH POLYNESIA,PF,0
2016,12,GABON,GA,"35,125,343"
2016,12,GAMBIA,GM,0
2016,12,GEORGIA,GE,"164,585"
2016,12,GHANA,GH,"17,237,508"
2016,12,GIBRALTAR,GI,0
2016,12,GREECE,GR,"2,214,232"
2016,12,GREENLAND,GL,759
2016,12,GRENADA,GD,0
2016,12,GUADELOUPE,GP,0
2016,12,GUAM,GU,481
2016,12,GUATEMALA,GT,"283,202"
2016,12,GUINEA,GN,"88,211"
2016,12,GUINEA-BISSAU,GW,0
2016,12,GUYANA,GY,"46,652"
2016,12,HAITI,HT,0
2016,12,HONDURAS,HN,"16,542"
2016,12,HONG KONG,HK,"264,052,854"
2016,12,HUNGARY,HU,"12,541,747"
2016,12,ICELAND,IS,"2,016"
2016,12,INDIA,IN,"382,638,289"
2016,12,IRAQ,IQ,"39,676,045"
2016,12,IRELAND,IE,"60,567,929"
2016,12,ISLAMIC REP. OF IRAN,IR,"3,865,769"
2016,12,ITALY,IT,"124,817,148"
2016,12,JAMAICA,JM,"24,176"
2016,12,JAPAN,JP,"1,170,275,611"
2016,12,JORDAN,JO,"2,772,065"
2016,12,KAZAKHSTAN,KZ,"490,797"
2016,12,KENYA,KE,"1,430,416"
2016,12,KIRIBATI,KI,"304,267"
2016,12,KUWAIT,KW,"8,415,868"
2016,12,KYRGYZSTAN,KG,0
2016,12,LATVIA,LV,"685,546"
2016,12,LEBANON,LB,"1,271,791"
2016,12,LESOTHO,LS,0
2016,12,LIBERIA,LR,"198,918"
2016,12,LIBYAN ARAB JAMAHIRIYA,LY,"147,183"
2016,12,LIECHTENSTEIN,LI,"6,175"
2016,12,LITHUANIA,LT,"35,114,103"
2016,12,LUXEMBOURG,LU,"2,010,134"
2016,12,MACAU,MO,"927,300"
2016,12,MACEDONIA,MK,"58,911"
2016,12,MADAGASCAR,MG,"514,227"
2016,12,MALAWI,MW,"308,213"
2016,12,"MALAYSIA, PENINSULAR",MY,"1,440,863"
2016,12,MALDIVES,MV,"619,723"
2016,12,MALI,ML,0
2016,12,MALTA,MT,"1,574,212"
2016,12,MARSHALL ISLANDS,MH,0
2016,12,MARTINIQUE,MQ,0
2016,12,MAURITANIA,MR,0
2016,12,MAURITIUS,MU,"149,120"
2016,12,MAYOTTE,YT,0
2016,12,MEXICO,MX,"46,104,643"
2016,12,MONACO,MC,108
2016,12,MONTENEGRO,ME,0
2016,12,MOROCCO,MA,"2,794,990"
2016,12,MOZAMBIQUE,MZ,"2,197,070"
2016,12,NAMIBIA,NA,"116,975"
2016,12,NAURU,NR,0
2016,12,NEPAL,NP,"81,597"
2016,12,NETHERLANDS,NL,"251,131,871"
2016,12,NEW CALEDONIA,NC,0
2016,12,NEW ZEALAND,NZ,"72,257,739"
2016,12,NICARAGUA,NI,"77,649"
2016,12,NIGER,NE,0
2016,12,NIGERIA,NG,"13,851,771"
2016,12,NORTHERN MARIANA ISLANDS,MP,0
2016,12,NORWAY,NO,"20,679,796"
2016,12,OMAN,OM,"26,392,990"
2016,12,"OTHER COUNTRIES, NES.",ZZ,"1,348,247"
2016,12,PAKISTAN,PK,"16,073,925"
2016,12,PALESTINE,PS,0
2016,12,PANAMA,PA,"3,444,959"
2016,12,PAPUA NEW GUINEA,PG,"19,848,736"
2016,12,PARAGUAY,PY,0
2016,12,PEOPLE'S DEM. REP. LAO,LA,"407,778"
2016,12,PEOPLE'S REP. OF MONGOLIA,MN,"227,838"
2016,12,PEOPLE'S REPUBLIC OF CHINA,CN,"3,229,613,684"
2016,12,PERU,PE,"14,413,075"
2016,12,PHILIPPINES,PH,"156,458,628"
2016,12,POLAND,PL,"18,930,837"
2016,12,PORTUGAL,PT,"4,675,359"
2016,12,PUERTO RICO,PR,"25,121"
2016,12,QATAR,QA,"61,926,808"
2016,12,REPUBLIC OF INDONESIA,ID,"676,744,127"
2016,12,REPUBLIC OF KOREA,KR,"656,818,500"
2016,12,REPUBLIC OF MOLDOVA,MD,"869,343"
2016,12,REPUBLIC OF SINGAPORE,SG,"1,376,037,879"
2016,12,REPUBLIC OF SOUTH AFRICA,ZA,"25,261,053"
2016,12,REPUBLIC OF SRI LANKA,LK,"6,290,943"
2016,12,REPUBLIC OF YEMEN,YE,"1,059,735"
2016,12,REUNION ISLANDS,RE,"16,970"
2016,12,ROMANIA,RO,"2,351,855"
2016,12,RUSSIAN FEDERATION,RU,"36,820,914"
2016,12,RWANDA,RW,"2,094,047"
2016,12,SAINT LUCIA,LC,0
2016,12,SAINT VINCENT/GRENADINES,VC,0
2016,12,SAUDI ARABIA,SA,"286,006,328"
2016,12,SENEGAL,SN,"16,232"
2016,12,SERBIA,RS,"126,162"
2016,12,SEYCHELLES,SC,"705,207"
2016,12,SIERRA LEONE,SL,0
2016,12,SLOVAKIA,SK,"2,180,540"
2016,12,SLOVENIA,SI,"1,333,865"
2016,12,SOCIALIST REP. OF VIET NAM,VN,"469,874,903"
2016,12,SOLOMON ISLANDS,SB,"832,453"
2016,12,SOMALIA,SO,0
2016,12,SPAIN,ES,"50,278,010"
2016,12,SUDAN,SD,"54,548"
2016,12,SURINAME,SR,"33,690"
2016,12,SW,SW,"174,829"
2016,12,SWAZILAND,SZ,0
2016,12,SWEDEN,SE,"42,101,625"
2016,12,SWITZERLAND,CH,"203,203,528"
2016,12,SYRIAN ARAB REPUBLIC,SY,"115,424"
2016,12,TAIWAN,TW,"895,242,239"
2016,12,TAJIKISTAN,TJ,0
2016,12,THAILAND,TH,"891,116,697"
2016,12,TIMOR LESTE,TL,"28,180"
2016,12,TOGO,TG,0
2016,12,TONGA,TO,0
2016,12,TRINIDAD AND TOBAGO,TT,"10,243"
2016,12,TUNISIA,TN,"298,929"
2016,12,TURKEY,TR,"27,046,849"
2016,12,TURKMENISTAN,TM,"10,046"
2016,12,TUVALU,TV,0
2016,12,UGANDA,UG,"2,250,494"
2016,12,UKRAINE,UA,"7,045,436"
2016,12,UNION OF MYANMAR,MM,"16,451,632"
2016,12,UNITED ARAB EMIRATES,AE,"242,884,358"
2016,12,UNITED KINGDOM,GB,"136,487,520"
2016,12,UNITED REP. OF TANZANIA,TZ,"3,550,002"
2016,12,UNITED STATES OF AMERICA,US,"1,157,759,666"
2016,12,URUGUAY,UY,"867,593"
2016,12,UZBEKISTAN,UZ,360
2016,12,VANUATU,VU,"307,618"
2016,12,VENEZUELA,VE,"22,124,814"
2016,12,WESTERN SAMOA,WS,0
2016,12,ZAMBIA,ZM,"862,212"
2016,12,ZIMBABWE,ZW,"143,476"
,,,,
"Note:
i. Source : Department Of Statistics Malaysia
ii. Compiled By MATRADE
iii. Exchange rate average for the period based on Bank Negara Malaysia",,,,
